slang,baku
gk,tidak
ga,tidak
gak,tidak
nggak,tidak
tdk,tidak
klo,kalau
kl,kalau
dlm,dalam
udh,sudah
uda,sudah
sdh,sudah
blm,belum
blom,belum
belom,belum
bgt,sangat
banget,sangat
parah,sangat
parahh,sangatt
ribet,rumit
repot,rumit
ngerti,mengerti
nggakngerti,tidak mengerti
ngga ngerti,tidak mengerti
gajelas,tidak jelas
ga jelas,tidak jelas
kenapa,mengapa
knp,mengapa
napa,mengapa
bgmn,bagaimana
trs,terus
trus,terus
masukkin,masukkan
daftarin,daftarkan
downloadin,unduh
login,masuk
loginnya,masuk
logout,keluar
akun,akun
pw,kata sandi
pass,kata sandi
password,kata sandi
kodeotp,kode otp
otpnya,kode otp
verif,verifikasi
verifikasiin,verifikasi
gagalin,gagal
error,galat
eror,galat
trouble,masalah
lemot,lambat
lelet,lambat
delay,terlambat
nunggu,menunggu
nungguin,menunggu
ngetik,mengetik
ngisi,mengisi
ngisii,mengisi
isi bbm,mengisi bbm
spbu,spbu
sbpu,spbu
bbm,bbm
premium,premium
pertalite,pertalite
pertamax,pertamax
solar,solar
bensin,bbm
aplikasinya,aplikasi
apk,aplikasi
apknya,aplikasi
fitur,fitur
layanan,layanan
tidak bisa,gagal
gabisa,tidak bisa
gakbisa,tidak bisa
ga bisa,tidak bisa
ndak,tidak
enggak,tidak
bisa dong,seharusnya bisa
logika nya,logikanya
gaje,tidak jelas
pelayanan,layanan
kecewa,kecewa
kecewa banget,sangat kecewa
kesel,kesal
kesell,kesall
cape,lelah
capek,lelah
capekk,lelah
woww,woww
aminn,aminn
met,selamat
netaas,menetas
keberpa,keberapa
eehh,eh
kata2nyaa,kata-katanya
hallo,halo
kaka,kakak
ka,kak
daah,sudahh
aahh,ah
yaa,ya
smga,semoga
slalu,selalu
amiin,aminn
kk,kakak
sii,sih
nyenengin,menyenangkan
gemess,gemass
akuu,akuu
jgn,jangan
udah,sudah
gitu,begitu
aja,saja
gemesiin,menggemaskan
menyenangkn,menyenangkan
rb,ribu
akau,aku
saranin,menyarankan
nemuin,menemukan
yah,ya
mnis2nya,manis-manisnya
gtu,begitu
tu,itu
idolaa,idolaa
bangett,bangett
kaakk,kak
baaiikk,baikk
telaatt,telatt
kaak,kakk
yg,yang
lg,lagi
skarang,sekarang
sempet,sempat
karna,karena
ngga,enggak
mantep,mantap
loohh,loh
yee,ya
baguus,baguss
sampe,sampai
ngikutin,mengikuti
gayany,gayanya
bnk,bang
awaas,awass
siip,sipp
abizz,habis
kerrenn,kerenn
sayaa,sayaa
pengen,pengin
kpan,kapan
sma,sama
sdkit,sedikit
bngt,banget
lgu,lagu
bener2,benar-benar
kharismanya,karismanya
aq,aku
jdi,jadi
lgi,lagi
kek,kayak
lgunya,lagunya
kereenn,kerenn
nyamain,menyamakan
lakik,laki
siipp,sipp
bkn,bukan
nyangka,menyangka
kereen,kerenn
wihh,wihh
tp,tapi
inget,ingat
bingitss,bangett
dmn,dimana
bird,biru
kaloo,kalo
gimna,bagaimana
tuuh,tuh
nyebur,mencebur
yng,yang
dbuat,dibuat
kn,kan
org,orang
pingin,pengin
bangcat,bangsat
yha,ya
waoohh,wahh
pngn,pengin
tmpt,tempat
dhe,deh
indahh,indahh
bgtt,banget
tuhh,tuh
berarto,berarti
aamiin,aminn
amiinn,aminn
dgn,dengan
aminn2,amin-amin
amiend,amien
ameen,amin
ngomong,mengomong
mamer,memamerkan
keles,kali
jelase,jelas
liat,lihat
uwakk,uwak
ntar,entar
bs,bisa
gini,begini
salfok,salah fokus
njir,anjir
piink,pink
astgfrullah,astagfirullah
ko,kok
cd,celana dalam
gbs,enggak bisa
bhs,bahasa
bangshad,bangsat
stagahh,astaga
kpn,kapan
ioo,lo
dy,dia
d,ada
mslh,masalah
qt,kita
plampiasann,pelampiasan
masalahh,masalah
tohh,toh
inghinn,ingin
dhi,di
mengherthii,mengerti
yanckh,yang
chelalyyu,selalu
therchakitty,tersakiti
mauu,mau
kalii,kali
bangat,banget
bkin,bikin
dongg,dong
yokk,yuk
yu,yuk
sweger,segar
gantengg,ganteng
bingiit,bangett
kebukaa,terbuka
tpi,tapi
keliatan,kelihatan
yakk,ya
kayakk,kayak
aslii,asli
kyk,kayak
cntiknya,cantiknya
bat,banget
ngeliatnya,melihatnya
sll,selalu
bet,banget
njerr,anjir
bingiittzz,bangett
k,kak
doong,dong
masi,masih
gni,begini
hdk,hendak
jugaa,juga
mksud,maksud
aj,saja
tetep,tetap
mbakx,mbaknya
syantik,cantik
kite,kita
pa,apa
mksd,maksud
bejilbbnya,berjilbabnya
masio,masih
yahh,ya
makasih,terima kasih
leh,boleh
ugaa,juga
jerewi,jerawat
ilang,hilang
jilbabnyaah,jilbabnya
yuuk,yuk
warnaa,warnaa
punyaa,punyaa
cantiik,cantikk
sukaak,sukaa
kebayanyaa,kebayanya
mantes,memantas
merekaa,mereka
gilaa,gilaa
tiga2nya,tiga-tiganya
lucuu,lucuu
emess,gemass
ucull,lucuu
males,malas
bangeett,bangett
gemesshh,gemass
apaa,apaa
ampuunn,ampunn
ciuumm,ciumm
mbil,sambil
ngmng,mengomong
ngemeng,mengomong
epe,apa
seehh,sih
yank,sayang
ucul,lucu
gw,gue
ngakak,mengakak
astagfirrullah,astagfirullah
suerr,suerr
mnta,minta
syg,sayang
ntik,cantik
pny,punya
dapet,dapat
suru,suruh
ketawakk,ketawaa
kyanya,kayanya
bnget,banget
nakutin,menakutkan
malingg,maling
cocokk,cocok
niihh,nihh
imutt,imutt
satuu,satuu
sesekk,sesakk
nafass,nafass
cintaa,cintaa
lucuk,lucu
ma,sama
duluu,duluu
megang,memegang
kawinin,mengawini
liatin,memperlihatkan
ny,nya
bdan,badan
nyaa,nya
gemesin,menggemaskan
fotoin,memfoto
ngaku,mengaku
kaa,kak
ganteng2,ganteng-ganteng
pcarny,pacarnya
kri,kiri
knpa,kenapa
pda,pada
cmn,cuman
gara2,gara-gara
garuk2,garuk-garuk
tembokk,tembok
namax,namanya
kirii,kiri
bungkusin,bungkuskan
atu,satu
dehh,deh
kakk,kak
ngegantiin,menggantikan
alloh,allah
smpe,sampai
msh,masih
trsa,terasa
khadirannya,kehadirannya
fikiran,pikiran
hayalanku,khayalanku
bru,baru
nton,menonton
ngapain,mengapai
surgaa,surgaa
kangenn,kangenn
kgn,kangen
rinduu,rindu
ninggalin,meninggalkan
smg,semoga
terangkhn,terangkan
tuk,untuk
slama,selama
orng,orang
bngunlah,bangunlah
bngun,bangun
ea,ya
qu,ku
hiri,hari
"teman""ny,teman-temannya"
aza,saja
dr,dari
alm,almarhum
skrg,sekarang
sie,sih
benet,benar
tuu,tuh
skrang,sekarang
gda,enggak ada
gantiin,menggantikan
kta,kata
kklau,kalau
acra,acara
kasian,kasihan
bnerr,benar
emk,emak
temenn,temann
pngenn,pengin
terkenall,terkenal
ajhh,saja
sungguh2,sungguh-sungguh
mnjadi,menjadi
shbt,sahabat
bner,benar
ktny,katanya
dimusiumin,dimuseumkan
bntu,bantu
dlu,dulu
kangem,kangen
smua,semua
slmt,selamat
jln,jalan
"mudh""an,mudah-mudahan"
tenny,tenang
tnya,tanya
td,tadi
sblm,sebelum
bole,boleh
lahh,lah
maap,maaf
cm,cuma
kmrn,kemarin
wkt,waktu
ama,sama
ak,aku
lht,lihat
biasa2,biasa-biasa
mnrtkuu,menurutku
ikutin,mengikuti
jdwl,jadwal
wajiib,wajib
aammiinn,aminnn
dtnggu,ditunggu
jan,jangan
kunjungin,kunjungi
lagii,lagi
waktunyaa,waktunya
diluangin,diluangkan
jga,juga
mimin,admin
istimewaa,istimewa
nangis,menangis
"ngaku"",mengaku-ngaku"
diaa,dia
donkk,dong
kejawab,terjawab
seru2an,seru-seruan
mohom,mohon
kebalas,terbalas
nyempetin,menyempatkan
wktunya,waktunya
ngobrol,mengobrol
namain,menamai
bls,balas
ijap,ijab
kobul,kabul
co,cowok
pst,pasti
inggat,ingat
brdua,berdua
masing2,masih
sanggat,sangat
laa,lah
hdup,hidup
hdp,hidup
kedpan,kedepan
smoga,semoga
mndaptkan,mendapatkan
"nutup""in,menutup-nutupi"
iyah,iya
sja,saja
za,saja
mulut2,mulut-mulut
peengn,pengin
tuch,tuh
muantteepp,mantap
cpt,cepat
mrit,merit
y,ya
ngapasih,mengapa sih
ni,ini
segitunya,sebegitunya
fto,foto
pke,pakai
sisain,menyisakan
slamt,selamat
nantii,nanti
edaan,edan
emg,memang
tunggu2,tunggu-tunggu
sehat2,sehat-sehat
ciyee,cie
pantes,pantas
lairannya,kelahirannya
jmnya,jamnya
ajha,saja
nyari,mencari
amiien,amien
terbaikk,terbaik
ayahh,ayah
ae,saja
mrekaa,mereka
yaampuunn,ya ampun
nyanyiin,menyanyikan
ahh,ah
pgen,pengin
tempt,tempat
kh,kah
bgini,begini
brani,berani
km,kamu
jalan2,jalan-jalan
asyikk,asyik
irii,iri
ngajak,mengajak
naahh,nah
kka,kakak
yak,ya
ttep,tetap
sperti,seperti
jrang,jarang
msuk,masuk
gossip2.an,gosip-gosipan
makk,mak
guee,gue
pengenn,pengin
gilzz,gila
nyaru,menyaru
jd,jadi
kebarat2an,kebarat-baratan
ohh,oh
mantabs,mantab
jgan,jangan
mlu,malu
payahh,payah
ntaf,mantap
beneran,benaran
"mudah""n,mudah-mudahan"
gada,enggak ada
milikin,memiliki
kamo,kamu
inih,ini
sukaa,suka
kirain,mengira
mehoongg,mahal
apikk,apik
yach,ya
ginii,begini
ayook,ayo
yoii,yoi
gituu,begitu
iyaa,iya
pgn,pengin
liptsk,lipstik
nyeplak,menjiplak
cw,cewek
kmarin,kemarin
mengncang,mengencang
tauu,tau
ksh,kasih
skrng,sekarang
mksh,terima kasih
ank,anak
skitar,sekitar
ktmu,ketemu
tmen,teman
ats,atas
donk,dong
heii,hai
diputusin,diputuskan
pcrnya,pacarnya
mnjual,menjual
ngadain,mengadakan
kkak,kakak
rekomendasiin,merekomendasikan
sihh,sih
coocok,cocok
mrip,mirip
mama.nyy,mamanya
bosenin,membosankan
kmu,kamu
bukn,bukan
sey,sih
cantikk,cantik
banger,banget
eakyu,waktu
cntik,cantik
kakanya,kakaknya
doeloe,dulu
bngtt,banget
iyak,iya
malh,malah
mlah,malah
ngak,enggak
laki2,laki-laki
gag,enggak
fhotonya,fotonya
bleh,boleh
brp,berapa
tnggl,tanggal
tanteny,tantenya
ky,kaya
sklinyaa,sekalinya
ayoo,ayo
w,gue
dramaa,drama
niih,nih
bisaa,bisa
lha,lah
dunk,dong
lihaat,lihat
yuwkk,yuk
nnti,nanti
editann,editan
mw,mau
thu,tuh
mai,mau
kamuu,kamu
pastii,pasti
kejuu,keju
nama.a,namanya
kmauan,kemauan
dmana,dimana
disinii,disini
cobaa,coba
bayangin,bayangkan
yaudh,ya sudah
dl,dulu
ajaa,saja
amplopp,amplop
mo,mau
sayangg'',sayang-sayang
gakuat,enggak kuat
yukk,yuk
nged,banget
nantik,nanti
ksitu,kesitu
liad,lihat
kluarga,keluarga
biasahh,biasa
tutorialx,tutorialnya
dpke,dipakai
fhoto,foto
kerenn,keren
binggo,banget
rekomndd,rekomendasi
bli2n,beli-belikan
bwt,buat
wado,waduh
guaa,gua
yaakk,ya
bangettyt,banget
bangg,bang
kangeenn,kangen
kaliann,kalian
kangennmnn,kangen
kaliannm,kalian
th2,tahun-tahun
smpt,sempat
blg,bilang
trserah,terserah
ad,ada
cwo,cowok
prnah,pernah
wlwpun,walaupun
trpsah,terpisah
klw,kalau
mmg,memang
prsatukn,persatukan
g,enggak
slh,salah
ngomng,mengomong
mdh2an,mudah-mudahan
sm,sama
skedar,sekadar
kangeerrn,kangenn
pulak,pula
terrbaik,terbaik
jorookknya,joroknya
ihh,ih
padahall,padahall
jorokk,jorok
muall,muall
klow,kalau
muke,muka
ajh,saja
taii,tahi
seneeng,senang
nyesel,menyesal
besarin,membesarkan
tanyang,tayang
ber2,berdua
jngan,jangan
ngelarang,melarang
kerreen,keren
pantess,pantas
bngett,banget
baperr,bawa perasaan
sudh,sudah
sbr,sabar
pngen,pengin
nntn,menonton
ht,hati
pemainy,pemainnya
jg,juga
aqu,aku
ngeliat,melihat
baper,bawa perasaan
akn,akan
nyampe,sampai
kbawa,terbawa
bradegan,beradegan
mlm,malam
nikahin,menikahi
hadeuh,aduh
nyambung,menyambung
liyat,lihat
krn,karena
sk,suka
adengan,adegan
engga,enggak
bingit,banget
dapetin,mendapati
model2,model-model
sitayngin,ditayangkan
mahh,mah
cocokny,cocoknya
iniw,ini
q,ku
setju,setuju
bnern,benaran
pcrn,pacaran
klian,kalian
abes,habis
br,baru
mksdny,maksudnya
brpa,berapa
kesampean,kesampaian
beginii,begini
ntr,entar
beliin,membelikan
kya,kaya
keq,kek
ngerasa,merasa
sygkuu,sayangku
ngeselin,mengesalkan
baju'a,bajunya
gara'',gara-gara
teruss,terus
pokok'a,pokoknya
bg,bang
ubur2,ubur-ubur
kuyy,yuk
bentarr,bentar
dureen,duren
ajibb,ajib
mahall,mahal
imuutt,imut
imuttzz,imut
nha,nya
konten2,konten-konten
rasain,rasai
cantiknnyaa,cantiknyaa
ngelihatnya,melihatnya
bdn,badan
na,nya
ibu2,ibu-ibu
lau,kau
sexxi,seksi
bulet,bulat
ituu,itu
ngocok,mengocok
nyoba,mencoba
gn,begini
yaahh,ya
kencqng,kencang
kra,kira
diginikan,dibeginikan
"coret"",coret-coret"
gambarin,gambarkan
ngerii,ngeri
digambarin,digambarkan
klen,kalian
bangke,bangkai
kog,kok
liatnya,lihatnya
bedanyaa,bedanya
negri,negeri
mbk,mbak
pgin,pengin
krudungan,kerudungan
maksutku,maksudku
njirr,anjirr
jd'y,jadinya
manisnyaa,manisnyaa
thun,tahun
mbg,mbak
bangeet,bangett
ngaco,mengaco
ngomen,mengomentari
gituh,begitu
tenggah,tengahh
uuaappiikk,apikk
kocakk,kocakk
ksukaanmuu,kesukaanmuu
bagii,bagii
nontonx,menontonnya
dpn,depan
pi,tapi
penasarann,penasarann
gilakk,gilaa
nontoonn,menonton
cepet2,cepat-cepat
kepingin,pengin
nontonn,menonton
deek,dek
ntapp,mantap
deg2an,deg-degan
cyiin,cinta
iyha,iya
kureen,keren
muantaap,mantapp
pake,pakai
ngantri,mengantri
bli,beli
nraktir,mentraktir
nonton,menonton
sbnyak,sebanyak
penasaraann,penasaran
nii,ini
nontonya,menontonnya
dpt,dapat
qta,kita
peen,pengin
lw,lu
gga,enggak
yaah,yaa
asikk,asik
gilak,gila
mcm,macam
ceritax,ceritanya
yooii,yoi
kuy,yuk
udahh,sudahh
sabarr,sabarr
kqmu,kamu
banggain,banggakan
thn,tahun
pengan,pengin
sendeng,senang
simpen,simpan
gakk,enggak
bagiin,bagikan
nanggepin,menanggapi
kapn,kapan
barang2,barang-barang
kirimin,mengirimi
senengin,senangi
ngasih,mengasih
ampunn,ampunn
bln,bulan
senengg,senangg
teruzz,teruss
mantabb,mantabb
sumpahh,sumpahh
diluarann,diluarann
trbaik,terbaik
dlam,dalam
anjirr,anjirr
jendess,janda
dh,deh
sichh,sihh
namnya,namanya
geh,gih
22nya,dua-duanya
aduuhh,aduhh
miripp,miripp
silauu,silauu
waww,woww
uga,juga
njiirr,anjirr
bgs,bagus
kesinii,kesini
gemay,gemas
dstu,disitu
wiihh,wihh
samoga,semoga
wahh,wahh
nyangkaa,menyangka
hasilnyaa,hasilnyaa
dahh,dahh
mudah2,mudah-mudah
jugaakk,jugaa
prnh,pernah
diapa2in,diapa-apai
yaak,yaa
lhoo,lohh
donx,dong
gthu,begitu
nda,indak
maauu,mauu
pacarr,pacarr
idamann,idaman
naturall,naturall
bnyak,banyak
berntung,beruntung
merka,mereka
jln2,jalan-jalan
romntis,romantis
slamat,selamat
ulan,ulang
th,tahun
mngkin,mungkin
klau,kalau
diksi,dikasih
sipp,sip
taun,tahun
jugak,juga
ngeluarin,mengeluarkan
keciill,kecil
ughaa,juga
"tante"",tante-tante"
banged,banget
abees,habis
kapan2,kapan-kapan
adain,mengadakan
bsa,bisa
bosen2,bosan-bosan
sempurnaa,sempurna
kaan,kan
kece2,kece-kece
badaaii,badai
beneraan,benarann
kuatt,kuatt
cantiknyaa,cantiknyaa
bae2,baik-baik
bgd,banget
mb,mbak
catiik,cantikk
subahanallah,subhanallah
jaman2nya,jaman-jamannya
padet,padat
buktiin,buktikan
cantiq,cantik
"pasien""nya,pasien-pasiennya"
lohh,loh
utk,untuk
keerreenn,kerenn
woow,woww
choker2,choker-choker
hadirr,hadir
jelashh,jelass
sekali2,sekali-kali
mbaa,mbak
temen,teman
hidupp,hidup
nyebelin,menyebalkan
diliatnya,dilihatnya
abis2,habis-habis
gpp,enggak apa-apa
para2,parah-parah
allahh,allah
gemesnya,gemasnya
ilang2,hilang-hilang
kmi,kami
ngilangin,menghilangkan
tbuh,tubuh
itungan,hitungan
ledekin,ledeki
tmn2,teman-teman
repot2,repot-repot
oles2,oles-oles
ckup,cukup
dptkan,dapatkan
artis2,artis-artis
ninggiin,meninggikan
baget,banget
dri,dari
kira2,kira-kira
lgsg,langsung
ngk,enggak
pas2an,pas-pasan
balesin,membalas
gausah,enggak usah
lutuna,lucunya
ciapa,siapa
duhh,duhh
terharuu,terharu
alamii,alamii
sampek,sampai
ckrng,sekarang
ngegemesin,menggemaskan
imoet,imut
imut2,imut-imut
jagain,jaga
yahbh,yaa
msih,masih
macem2,macam-macam
neko2,neko-neko
sktika,seketika
lutu,lucu
mass,mas
"keren"",keren-keren"
"jalan""nya,jalan-jalannya"
masyaallahh,masyaallah
ksni,kesini
begok,bego
bkan,bukan
jgk,juga
bawak,bawa
it,itu
nti,nanti
pgi,pagi
keeren,kerenn
baguuss,baguss
mna,mana
nahann,tahann
bagaatt,bangett
gayannxa,gayanya
ngekeh,kekeh
xlian,kalian
b3,bertiga
lcu,lucu
pait,pahit
koplakk,koplak
kerass,kerass
yachh,ya
gokil,gila
ngelihat,melihat
ngelawak,melawak
iihh,ihh
nyolotinn,menyolot
beratt,beratt
cantiikk,cantikk
hijaabb,hijabb
sekalii,sekalii
smnagatin,menyemangati
pakek,pakai
kanapa,kenapa
cans,cantik
banhet,banget
blng,bilang
mngasi,mengasih
kmbang,kembang
pg,pagi
nie,ini
pla,pula
kw,kau
blakon,berlakon
sy,saya
nmpk,nampak
bngtzt,banget
lucukk,lucu
sbelah,sebelah
baek,baik
ciuss,serius
palinf,paling
fav,favorit
maak,mak
ngakaakk,mengakak
gokill,gilaa
ngekek,mengekek
capee,cape
pegangin,memegang
nyender,menyandar
bener,benar
manjain,memanjakan
peleotin,meleot
bng,bang
termurahh,termurah
nyatakan,menyatakan
graatiis,gratis
meriahh,meriahh
cantikkm,cantik
bingits,banget
yuppss,ya
nyindir,menyindir
onoh,sono
bnyk,banyak
anakny,anaknya
staf2nya,staf-stafnya
begete,banget
aduhh,aduh
mantepp,mantapp
hati2,hati-hati
jangan2,jangan-jangan
kata2nya,kata-katanya
ynk,sayang
"nangis"",menangis-nangis"
"hati"",hati-hati"
"jangan"",jangan-jangan"
emank,memang
cr,cara
diemin,diamkan
hancurin,menghancurkan
ckp,cukup
mgkn,mungkin
ato,atau
diapain,diapakan
ms,masih
haragain,menghargai
cb,coba
nyakitin,menyakiti
jgn2,jangan-jangan
sbaiknya,sebaiknya
mngerti,mengerti
blajar,belajar
fakta2,fakta-fakta
spt,seperti
mnding,mending
nilai2,nilai-nilai
buka2,buka-buka
nyinyirin,nyinyir
pdhl,padahal
pd,pada
nyerang,menyerang
hrs,harus
mrk,mereka
trima,terima
ngomomg,mengomong
mang,memang
kbetulan,kebetulan
orgtuanya,orang tuanya
sbelum,sebelum
ngamatin,mengamati
ngintip,mengintip
stelah,setelah
sndiri,sendiri
ngintilin,mengintil
smnjak,semenjak
trbukti,terbukti
nyambet,menyambat
msk,masuk
krmh,ke rumah
rmh,rumah
bo'ong,bohong
eloo,lo
apa2nya,apa-apanya
goblokk,goblok
sesatt,sesat
ibliss,iblis
elo,lo
kbiasaan,kebiasaan
hdpnya,hidupnya
lbh,lebih
byk,banyak
anknya,anaknya
tdr,tidur
sbuah,sebuah
anak2nya,anak-anaknya
tdnya,tadinya
ank2nya,anak-anaknya
milih,memilih
branjak,beranjak
ank2,anak-anak
masyarakay,masyarakat
mudah2an,mudah-mudahan
menegerti,mengerti
apa2,apa-apa
sok2,sok-sok
nasehatin,menasihati
ngaca,mengaca
ajah,saja
slamet,selamat
ampe,sampai
nari,menari
ehh,ehh
mf,maaf
ngcpin,mengucapkan
wooww,woww
iaa,ya
kdg,kadang
kebagi,terbagi
nerusin,meneruskan
indo,indonesia
univ,universitas
maen,main
tetapp,tetapp
jakety,jaketnya
nggk,enggak
skli,sekali
kli,kali
ttp,tetap
pala,kepala
pusingg,pusing
pucing,pusing
maho,manusia homo
gantng,ganteng
alak,kepala
hilangv,hilang
bungg,bung
gapap,enggak apa-apa
kyak,kayak
pling,paling
gokiill,gila
busedh,buset
gokilnya,gilanya
kecee,kece
klu,kalau
duuhh,duh
dg,dengan
tullus,tulus
tw,tau
pluk,peluk
durhaka2,durhaka-durhaka
kpada,kepada
"seburuk"",seburuk-buruk"
ortu,orang tua
ktaa,kita
yup,ya
tetaplaah,tetaplah
ajja,saja
dech,deh
oprasi,operasi
gya,gaya
kndung,kandung
sbg,sebagai
u,untuk
ksenangan,kesenangan
ddpt,didapat
jwab,jawab
mmbodohkan,membodohkan
orlaen,orang lain
bgtu,begitu
drpd,daripada
malem,malam
aplikasiin,mengaplikasikan
berangat,berangkat
praktekin,mempraktikkan
gmn,bagaimana
omdo,omong doang
kate,kata
cabe2,cabe-cabe
prjuangan,perjuangan
kmewahan,kemewahan
stimpal,setimpal
ddpat,didapat
sprt,seperti
bc,baca
mnilai,menilai
kata2,kata-kata
usahh,usah
segala2nya,segala-galanya
sekarng,sekarang
sprti,seperti
mkanya,makanya
hay,hai
mreka,mereka
bhagia,bahagia
korek2,korek-korek
ngebales,membalas
krna,karena
sasama,sesama
cabe2an,cabe-cabean
terong2an,terong-terongan
seklian,sekalian
kluar,keluar
ngurusan,mengurusi
campurin,mencampuri
emnknya,memangnya
py,punya
unyuu,unyu
mrangkul,merangkul
adlh,adalah
wlo,walau
lh,lah
manusiy,manusia
tx,tak
samara,sakinah mawadah rahman
teringt,teringat
trmsuk,termasuk
dn,dan
pilihnmu,pilihanmu
swmntara,sementara
trmasuk,termasuk
orang2,orang-orang
sgt,sangat
liht,lihat
suaminy,suaminya
jadulnya,jaman dulunya
mantaff,mantap
ngata2in,mengata-ngatai
bagaimna,bagaimana
muluss,mulus
bgus,bagus
gmana,bagaimana
kpleset,kepleset
yawlah,ya allah
kepeleset,kepleset
kayanye,kayanya
komen2an,komen-komenan
weww,wow
dumss,dong
tar,entar
perbaikin,memperbaiki
permasalhkan,permasalahkan
betul2,betul-betul
jauhin,jauhi
dateng,datang
adiik,adik
maniss,manis
"besar"",besar-besar"
"masing"",masing-masing"
ddlm,di dalam
kmbali,kembali
dkuburnya,dikuburnya
fi,di
ttg,tentang
rata2,rata-rata
lbih,lebih
critamu,ceritamu
ja,saja
bres,beres
cmkn,camkan
diurusin,diurusi
biarin,biarkan
kale,kali
donks,dong
"membanding"",membanding-banding"
mengperbolehkan,memperbolehkan
krena,karena
ngri,negeri
"dingin"",dingin-dingin"
lma,lama
dibangga'in,dibangga-banggakan
ngebolehin,membolehkan
denger,dengar
"jelek""in,menjelek-jelekkan"
stiap,setiap
gausa,enggak usah
maksain,memaksakan
smog,semoga
mnerima,menerima
baikxa,baiknya
aamin,amin
amienn,amien
sekangen2,sekangen-kangen
kt,kita
nolongin,menolong
seluru,seluruh
tebir,ribet
doangam,doang
"tebir"",ribet-ribet"
amad,amat
mkst,maksud
wong2,wong-wong
rempong,repot
ngurusin,mengurusi
kerjaan,pekerjaan
bingittzz,banget
bangets,banget
ikh,ih
dwh,deh
nengok,menengok
bante,bantai
la,lah
komenannya,komentarnya
hadapin,menghadapi
dengarin,mendengarkan
ush,usah
cock,cocok
widihh,waduh
cita2,cita-cita
temen-temen,teman-teman
stu,satu
syratnya,syaratnya
pnjang,panjang
shat,sehat
inginkn,inginkan
belanjaa,belanja
burem,buram
tlp,telepon
dngan,dengan
ngerasain,merasai
kancang,kencang
tmbh,tambah
mansyoallah,masyaallah
skali,sekali
canttikk,cantik
subhanalloh,subhanallah
lkuin,lakukan
langgenh,langgeng
foto2nya,foto-fotonya
tanggung2,tanggung-tanggung
salluutt,salut
pkai,pakai
org2,orang-orang
mkn,makin
seneng,senang
pdng,padang
warbiyasah,luar biasa
pk,pakai
keedaannya,keadaannya
lagu2,lagu-lagu
saya2,saya-saya
sekrng,sekarang
lagu2nya,lagu-lagunya
ttap,tetap
spertinya,sepertinya
mrah,marah
gra2,gara-gara
sngaja,sengaja
jlek,jelek
udah2,sudah-sudah
ungkit2,ungkit-ungkit
pura2,pura-pura
gatau,enggak tau
curhat2,curhat-curhat
matany,matanya
dteng,datang
mata'y,matanya
baju2,baju-baju
buruann,buruan
emng,memang
perubut,perebut
sumai,suami
tk,tak
urusin,mengurusi
apah,apa
bagus2,bagus-bagus
say,sayang
mmbela,membela
mslhnya,masalahnya
hnya,hanya
sndri,sendiri
sj,saja
llki,lelaki
dluar,diluar
sna,sana
boleh2,boleh-boleh
dya,dia
maluu,malu
beda2,beda-beda
nyaranin,menyarankan
x,kali
tongolin,menongol
cabol,cabul
ape,apa
nyet,monyet
muna,munafik
jing,anjing
tot,entot
nihh,nih
hidiyah,hidayah
percya,percaya
bgi,bagi
tlg,tolong
sya,saya
sdri,sendiri
tdi,tadi
mgkin,mungkin
bhwa,bahwa
skaligus,sekaligus
cek2,cek-cek
spti,seperti
smakin,semakin
sbgai,sebagai
mgk,mungkin
sapa2,sapa-sapa
sama2,sama-sama
kyknya,kayaknya
pnya,punya
dng,dengan
bbrp,beberapa
bhw,bahwa
banyaak,banyak
baik2nya,baik-baiknya
tunjukan,tunjukkan
anak2mu,anak-anakmu
anak2,anak-anak
ngasih2,mengasih-ngasih
berfikir,berpikir
amit2,amit-amit
mba,mbak
elu,lu
ngajuin,mengajukan
tiba2,tiba-tiba
jkt,jakarta
terbaeq,terbaik
namany,namanya
jels,jelas
diakibtkn,diakibatkan
suk,suka
jelek2,jelek-jelek
dsrny,dasarnya
jkrta,jakarta
mantaap,mantapp
benar2,benar-benar
main2,main-main
lanjutkaan,lanjutkan
ncek,encek
majuu,maju
teruuss,teruss
kdg2,kadang-kadang
sebelumbya,sebelumnya
tunjukin,tunjukkan
"tahun"",tahun-tahun"
koment,komentar
nyampein,menyampaikan
hokii,hoki
naksir,menaksir
"bangt"",banget-banget"
nafkahin,menafkahi
ngitem,menghitam
"sama"",sama-sama"
gx,enggak
lhat,lihat
cantika,cantik
cwek,cewek
kngen,kangen
fillm,film
sinet,sinetron
jendral,jenderal
nanya,tanya
maenya,mainnya
cantiks,cantik
wktu,waktu
pilm,film
taon,tahun
nd,indak
slah,salah
cini,sini
jaangan,jangan
nambah,bertambah
naek,naik
terimaksih,terima kasih
inii,ini
kaann,kan
tidakk,tidakk
kemuh,kamu
da,sudah
keren2,keren-keren
sby,surabaya
tgl,tanggal
pinginn,penginn
buanget,banget
ketemuu,ketemuu
kebawa,terbawa
mimpii,mimpi
wanjerr,anjir
satupunn,satupunn
motret,memotret
temen2,teman-teman
lapakk,lapak
nyenii,menyeni
bget,banget
seeh,sih
abis,habis
deuhh,duh
b2an,berduaan
dihargain,dihargai
"engga"",enggak-enggak"
tahun2,tahun-tahun
lebayy,lebay
gilss,gila
nganbek,mengambek
enk,enak
mendam,memendam
manta,mantan
relaa,rela
bgun,bangun
tdur,tidur
cntk,cantik
knl,kenal
anugrah,anugerah
slm,salam
kliatan,kelihatan
awoohh,allah
gt,begitu
sbbyak,sebanyak
apun,apapun
nyangkutnya,menyangkutnya
untk,untuk
hy,hai
wadaaw,waduh
paraah,parah
sampw,sampai
dijelekin,dijelekkan
azeek,asik
ntikk,cantik
uhh,uh
mayan,lumayan
mniss,maniss
tambahim,tambahkan
tambahin,tambahkan
"bener"",benar-benar"
make,memakai
baanggeett,bangett
ap,apa
siihh,sih
krpoo,kepo
pengn,pengin
nyusul,menyusul
nyok,yuk
dekk,dek
ngiri,mengiri
mmang,memang
nentuin,menentukan
mnjmput,menjemput
ygs,sayang
mbloo,jomblo
ber'expresi,berekspresi
jdulnya,judulnya
ciumman,ciuman
aurot,aurat
laginy,laginya
alkhamdulilah,alhamdulillah
ktnya,katanya
selaluu,selalu
ngeh,engah
amen,amin
qm,kamu
nahh,nah
ngmngnya,mengomongnya
sampai2,sampai-sampai
hal2,hal-hal
komunitas2,komunitas-komunitas
fotony,fotonya
ngiritya,mengiritnya
hematt,hematt
nget,banget
kususnya,khususnya
krm,kirim
sam,sama
ajaahh,saja
syediihh,sedih
malangg,malang
beloomm,belum
kebukti,terbukti
anak2e,anak-anaknya
tuwanya,tuanya
comen2nya,komen-komennya
pedess,pedas
jelas2,jelas-jelas
skg,sekarang
nyebut2,menyebut-nyebut
plg,pulang
smbil,sambil
helloo,halo
ngrebut,merebut
mnjdi,menjadi
taek,tahi
lupain,melupakan
bangkret,bangkrut
taekk,tahi
kedokk,kedok
"mati""an,mati-matian"
nyimak,menyimak
komenx,komennya
serem2,seram-seram
"ngumpet"",mengumpet-ngumpet"
blim,belum
sekrang,sekarang
ngerebut,merebut
mnjijikaan,menjijikkan
astgfrlh,astagfirullah
sahabatt,sahabat
gnyngka,enggak menyangka
sendirir,sendiri
brengsekk,brengsek
ngomentnya,mengomentarinya
nusuk,menusuk
skr,sekarang
dpotong,dipotong
helo,halo
kmrin,kemarin
ngmgin,mengomongkan
bilangg,bilang
gkhianati,mengkhianati
kpd,kepada
hr,hari
sp,siapa
pljaran,pelajaran
spy,supaya
mngikuti,mengikuti
klkuan,kelakuan
dibikin2,dibikin-bikin
gimana,bagaimana
nnt,nanti
cew,cewek
cow,cowok
kasiann,kasihan
syekalii,sekali
hgga,hingga
ciee,cie
sholihah,salihah
adeuh,aduh
halahh,alah
luu,lu
yuuks,yuk
yoo,ayo
ginian,beginian
judulnyaa,judulnya
ayookk,ayo
artix,artinya
cewe,cewek
cowo,cowok
lt,lantai
"nama"",nama-nama"
cwe,cewek
serem,seram
kepoin,mengepoi
keluarin,mengeluarkan
mbak2,mbak-mbak
pedes,pedas
komentnya,komentarnya
omongin,mengomongkan
ngalirr,mengalir
idup,hidup
nmbah,bertambah
teross,terus
ngehujat,menghujat
dosaa,dosa
ngebela,membela
seindonesiyah,seindonesia
seh,sih
senyumin,senyumi
mh,mah
ngalir,mengalir
ngrusak,merusak
px,punya
kslhn,kesalahan
skrngnya,sekarangnya
emang,memang
kalik,kali
bilangin,bilang
nyambungin,menyambung
sllu,selalu
scra,secara
nggali,menggali
cmpur,campur
dgr,dengar
kurng,kurang
nangiis,menangis
ngomentarin,mengomentari
idupnya,hidupnya
ortunya,orang tuanya
woey,woy
bloghh,goblok
ngomongin,mengomongkan
doank,doang
"abal"",abal-abal"
dikata2in,dikata-katai
ngehina,menghina
gmna,bagaimana
kebanggan,kebanggaan
dah,deh
jngn,jangan
mnjawab,menjawab
wooii,woy
ingt,ingat
karmaa,karma
ngkk,mengakak
makny,maknya
wdoohh,waduh
kasihn,kasihan
lhirr,lahir
hujatann,hujatan
palgi,apalagi
kakakk,kakak
baguss,bagus
jt,juta
ngets,banget
stp,setiap
penbelian,pembelian
cuaantik,cantikk
sukakk,sukaa
m,sama
cucokk,cocokk
lyt,lihat
expresi,ekspresi
natap,menatap
ccok,cocok
dripada,daripada
difotoin,difoto
psangan,pasangan
cakepp,cakepp
ngirii,mengiri
coxok,cocok
buatin,buatkan
statusx,statusnya
cem,macam
sunggu,sungguh
ammiin,amin
haddeh,aduh
maass,mass
segerr,segarr
kemn,kemana
suipit,sipit
sipiit,sipit
kedengeran,kedengaran
semangaatt,semangat
promil,program hamil
lancr,lancar
keputihn,keputihan
gratiss,gratis
kebayang,terbayang
"mdh"",mudah-mudah"
bz,bisa
ammin,amin
mendapatkn,mendapatkan
lucuuk,lucu
amaatt,amat
aje,saja
yaoloh,yaallah
ngerayain,merayakan
sotoy,sok tau
yok,yuk
d.bikinin,dibikin
mmz,mas
bikinin,bikin
bapeer,bawa perasaan
keliatannya,kelihatannya
siih,sih
diginiin,dibeginikan
hadeehh,aduh
pu,punya
suamii,suami
krenn,keren
kebykan,kebanyakan
tingal,tinggal
pernikahn,pernikahan
ngtain,mengatai
macem,macam
bagusnyee,bagusnya
kemaren,kemarin
hmpir,hampir
liatnyaa,lihatnya
waw,wow
mbuh,embuh
bsk,besok
waa,wah
berbiihh,barbie
canteek,cantik
teru,terus
nyatok,mencatok
nyampenya,sampainya
goncengin,boncengkan
kasi,kasih
dianterin,diantar
gebleg,geblek
bosen,bosan
anterin,antar
ngantar,mengantar
nganterin,mengantarkan
mz,mas
nerima,menerima
ati2,hati-hati
yeuh,ya
kmn,kemana
dianter,diantar
disupirin,disopiri
jidad,jidat
novembr,november
hri,hari
bedain,membedakan
genduut,gendut
bertatto,bertato
brrt,berarti
kana,kanan
dtg,datang
sblah,sebelah
tengaj,tengah
ps,pas
gmpg,gampang
engk,enggak
apal,hapal
dak,indak
rupa2nya,rupa-rupanya
kembaq,kembar
tngh,tengah
mknya,makanya
prmpuan,perempuan
ketuker,tertukar
drimnanya,darimananya
cntikan,cantikan
syp,siapa
bcnda,bercanda
bazengg,bajingan
haii,hai
bosaan,bosan
gitu2,begitu-gitu
kmana2,kemana-mana
hrsnya,harusnya
sdg,sedang
komentar2,komentar-komentar
kenyataan2,kenyataan-kenyataan
silahkan,silakan
lwt,lewat
sukur2,sukur-sukur
baek2,baik-baik
cma,cuma
berbeda2,berbeda-beda
dibkatakan,dikatakan
doonk,dong
pengikuy,pengikut
ngmngin,mengomongkan
sblmnya,sebelumnya
maksd,maksud
adkah,adakah
menbelah,membelah
ayuk,ayo
mngira,mengira
bertolernsi,bertoleransi
slahkan,salahkan
tolernsi,toleransi
sbnarnya,sebenarnya
ingi,ingin
oalaa,walah
menjelekan,menjelekkan
hadeuuh,aduh
dikemanain,dikemanakan
aneh2,aneh-aneh
bpknya,bapaknya
baca2,baca-baca
jwb,jawab
komen2,komen-komen
sebelum2nya,sebelum-sebelumnya
sbagai,sebagai
sedihh,sedih
gndakan,gandakan
kangeenya,kangenn
gaa,enggak
ganti'kn,menggantikan
tnang,tenang
kgeen,kangen
bsok,besok
hbis,habis
mti,mati
kangeen,kangen
bgect,banget
"kebaikan""y,kebaikannya"
dssi,disisi
kngenn,kangen
dasyat,dahsyat
aer,air
bgni,begini
skalii,sekali
gg,enggak
dtinggl,ditinggal
terbaiikk,terbaik
murahh,murah
pecahhg,pecah
kakakgh,kakak
terbaeek,terbaik
prempuan,perempuan
manteep,mantap
nggeh,engah
indonesiaa,indonesia
inia,ini
cepetan,cepatan
ntapss,mantap
kamii,kamii
smangat,semangat
qmu,kamu
sdkit2,sedikit-sedikit
tntg,tentang
penyakitny,penyakitnya
ngajarin,mengajari
laenny,lainnya
scpatny,secepatnya
sampein,sampaikan
tuany,tuanya
doa2,doa-doa
pjg,panjang
adeek,adek
bca,baca
netes,menetes
mataq,mataku
byangin,membayangkan
trjadi,terjadi
dposisi,diposisi
tanda2nya,tanda-tandanya
dijwb,dijawab
tmn2nya,teman-temannya
sayy,sayang
salaam,salam
ngajar,mengajar
fto2,foto-foto
laen,lain
dallam,dalam
tentanh,tentang
nangiss,menangis
nnton,menonton
kejadianny,kejadiannya
klg,keluarga
sayaang,sayang
msg2,masing-masing
pgnnya,penginnya
meluk,memeluk
mupeng,muka pengin
caya,percaya
buseett,buset
mblo,jomblo
gagahx,gagahnya
miriip,mirip
niru,meniru
bpkmu,bapakmu
sangt,sangat
baang,bang
gasih,enggak sih
yuu,yuk
samaa,sama
ngademin,mengademkan
makasi,terima kasih
loo,loh
gils,gila
ono,sono
weeh,wih
suksea,sukses
temenan,berteman
sehh,sih
deket,dekat
dekt,dekat
gengg,geng
yawloh,ya allah
bhnya,bahannya
abanggku,abangku
sayangg,sayang
dsni,disini
ciiee,ciee
kokohh,engkoh
pdhal,padahal
takutt,takut
yuks,yuk
pnjual,penjual
yh,ya
dung,dong
latian,latihan
aakk,ah
soga,moga
tteh,teteh
sintron,sinetron
astagaa,astaga
ancurr,hancur
dblkang,dibelakang
yayang,sayang
aplks,aplikasi
ska,suka
ktawa,ketawa
ngepoin,mengepoi
uuhh,uh
beut,banget
pengeenn,pengin
hatii,hatii
besook,besok
gtuu,begitu
njayy,anjay
maacih,terima kasih
tokayy,tahi
to,tapi
mksdku,maksudku
gituin,begitukan
lgsung,langsung
cba,coba
nh,nih
"ilang"",hilang-hilang"
giniin,beginikan
ksini,kesini
kubarikan,kuberikan
ayank,sayang
anyeng,anjing
yankk,sayang
cukurr,cukur
yhaa,ya
qaqaa,kakak
sayangkuu,sayangku
kakakuu,kakakku
banx,bang
edann,edan
bape,bawa perasaan
"artis"",artis-artis"
ngelahirin,melahirkan
paksain,memaksa
biasaa,biasa
hub,hubungi
hubunggi,hubungi
looh,loh
telimakacih,terima kasih
nerawang,menerawang
didapet,didapat
tanya2,tanya-tanya
pede,percaya diri
kuningg,kuning
nyolot,menyolot
elahh,alah
pnting,penting
bela2in,membela-bela
marah2an,marah-marahan
wlaupun,walaupun
syantiikk,cantik
"bwa"",bawa-bawa"
agma,agama
hijabb,hijab
ntah,entah
pan,kapan
mateek,mati
geetoo,begitu
sewain,menyewa
kokk,kok
muluu,melulu
yaang,yang
yapp,ya
uwahh,wah
bnr2,benar-benar
psgn,pasangan
ujg,ujung
rmbut,rambut
smp,sampai
kki,kaki
hayukk,hayo
ntab,mantab
atuhh,atuh
yukss,yuk
lihaatt,lihatt
liatt,lihatt
cuyy,cuy
gapernah,enggak pernah
liatii,lihat
jombss,jomblo
emesshh,gemass
gemeess,gemass
pooll,pol
gemesyak,gemas ya
ngegmesin,menggemaskan
hndak,hendak
hndk,hendak
iih,ih
lutunaa,lucunya
abiz,habis
gemes,gemas
ngarepp,mengharap
aamiinin,amin
tay,tahi
toketnya,teteknya
tumpe2,tumpah-tumpah
lenje,lenjeh
cantinya,cantiknya
macam2,macam-macam
"mbak"",mbak-mbak"
ngatain,mengatai
mbaknyaahh,mbaknya
pyudara,payudara
ditutupin,ditutupi
bgitu,begitu
ngomongnya,mengomongnya
sich,sih
cantiik2,cantik-cantik
hati.a,hatinya
mk.a,makanya
mlt.a,mulutnya
nyerocoos,mencerocos
kyk.a,kayaknya
sklh,sekolah
pljrn,pelajaran
srng,sering
ngilang,menghilang
dikatain,dikatai
ngalahin,mengalahkan
brisi,berisi
pkoknya,pokoknya
canti,cantik
astagfirullh,astagfirullah
nutupin,menutupi
ori,orisinal
kakakaa,kakak
batwc,banget
kamyuhh,kamu
dbwh,dibawah
bukti2,bukti-bukti
mao,mau
murhan,murahan
prwtn,perawatan
wjh,wajah
bgett,banget
mereka2,mereka-mereka
pakke,pakai
dipake,dipakai
ktergantungan,ketergantungan
prwatn,perawatan
ngebuktiin,membuktikan
hslnya,hasilnya
awal2,awal-awal
setabil,stabil
maksih,terima kasih
bbrpa,beberapa
"gara"",gara-gara"
"benar"",benar-benar"
ajaibb,ajaib
pokonya,pokoknya
setujuu,setuju
digituin,dibegitukan
sekolahin,sekolahkan
ajarin,ajarkan
sendirii,sendiri
mrnghadapi,menghadapi
apalg,apalagi
naka,nakal
sdkt,sedikit
besar2in,besar-besarkan
bgmana,bagaimana
s*inetr*n,sinetron
mrusak,merusak
mndpt,mendapat
skt,sakit
sebnyak,sebanyak
terburu2,terburu-buru
baik2,baik-baik
ngumpat2,mengumpat-ngumpat
nantangin,menantang
ngegampar,menggampar
ngelaporin,melaporkan
salahin,salahkan
konsekwensi,konsekuensi
muliany,mulianya
mungki,mungkin
lngsung,langsung
tsb,tersebut
t4,tempat
bacahalah,bacalah
dikerasin,dikerasi
gkkan,enggak akan
ngulangin,mengulangi
bedaa,beda
pnyaa,punya
bol3h,boleh
ngadu,mengadu
ketauan,ketahuan
dimarahin,dimarahi
nyelesain,menyelesaikan
troma,trauma
kerasin,kerasi
kamu2,kamu-kamu
cewer,jewer
bilanh,bilang
jwban,jawaban
nuduh,menuduh
ngatur,mengatur
rajin2,rajin-rajin
bacaa,baca
kekk,kayak
jungkiir,jungkir
gunaa,guna
bales2in,balas-membalas
orangg,orang
byak,banyak
kepad,kepada
bantuanny,bantuannya
ttinggi,tinggi
perna,pernah
grgr,gara-gara
jari2,jari-jari
pukulin,pukuli
bengkak2,bengkak-bengkak
komentarin,komentari
bijak2,bijak-bijak
lama2,lama-lama
menurur,menurut
tipe2,tipe-tipe
diliat,dilihat
liatlah,lihatlah
teguran2,teguran-teguran
gr2,gara-gara
gamau,enggak mau
skolah,sekolah
pdahal,padahal
klas,kelas
tkut,takut
grunya,gurunya
pndah,pindah
liat2,lihat-lihat
masukin,memasukkan
dilindungin,dilindungi
kasiaann,kasihan
miring2,miring-miring
tinggalin,tinggalkan
kaitannha,kaitannya
sud,sudah
pinter,pintar
rana,ranah
thdp,terhadap
scr,secara
bhkn,bahkan
justeru,justru
ngatai,mengatai
kln,kalian
sukak,suka
termuraahh,termurah
brkunjun,berkunjung
suarranya,suaranya
"bner"",benar-benar"
iu,itu
bguss,bagus
kmaren,kemarin
ambilin,mengambil
luuaar,luar
redho,ridho
rezki,rezeki
kepd,kepada
luaarr,luar
jadilh,jadilah
bnr,benar
terhaaru,terharu
orrunya,orang tuanya
flm,film
kalok,kalo
adek2,adek-adek
loncatt,loncat
hampass,hempas
tehh,teh
bunga2,bunga-bunga
apaan,apaan
ituh,itu
suaranyaa,suaranya
idoolaa,idola
pulaa,pula
penyanyi2,penyanyi-penyanyi
wiih,wih
allaahh,allah
ajahh,saja
trims,terima kasih
dehat,sehat
salamm,salam
hari2,hari-hari
sihat,sehat
rekomendain,rekomendasikan
truss,terus
bangt,banget
cepet,cepat
pesen,pesan
boong,bohong
prawatan,perawatan
mkin,makin
dimao,dimau
dijadiin,dijadikan
silahkn,silakan
kasiatnya,khasiatnya
"minyak""an,minyak-minyakan"
suksess,sukses
prodak,produk
trasa,terasa
minpi,mimpi
bner2,benar-benar
mutihin,memutihkan
smster,semester
kmren,kemarin
"ngomong"",ngomong-ngomong"
udehh,sudah
syngnya,sayangnya
dipermainin,dipermainkan
dasarr,dasar
waaw,wow
canntikk,cantikk
mukax,mukanya
cantikx,cantiknya
fatanik,fanatik
protestin,protestan
kakau,kalau
marh,marah
emngnya,memangnya
darpada,daripada
pkk,pakai
sling,saling
agama'ny,agamanya
bilng,bilang
prcy,percaya
lurusin,meluruskan
biri,biru
luco,lucu
ultha,ultah
batikk,batik
arab2,arab-arab
luchu,lucu
syang,sayang
ngasi,mengasih
naak,nak
astafirullah,astagfirullah
peragain,peragakan
shayy,say
anjaayy,anjay
shay,say
ngilerr,mengiler
woyy,woy
shaay,say
hempaass,hempas
syantiek,cantik
njay,anjay
hehh,eh
cantik2,cantik-cantik
kam,kamu
ingeet,ingat
sblh,sebelah
nawarin,menawari
jauhh,jauh
waahh,wah
ajakin,mengajak
mntn,mantan
ade,adek
luhh,lu
yookk,yuk
jrnk,jarang
"jelas"",jelas-jelas"
kayax,kayak
dblkng,dibelakang
sangatt,sangat
iyap,iya
mayann,lumayan
autuhh,tau tuh
atutt,takut
ketara,tertara
mbaass,mbak
bund,bunda
almh,almarhumah
temenkuuh,temanku
suami'y,suaminya
bngeett,banget
entr,entar
kyax,kayak
cuantikk,cantik
mksdnya,maksudnya
kucing'y,kucingnya
nama'in,namai
panggilan'ya,panggilannya
panggilan'y,panggilannya
z,saja
kalw,kalau
tips2,tips-tips
alu,aku
ngerrii,ngeri
ngrii,mengiri
amatt,amat
smpai,sampai
kox,kok
tmbah,tambah
cntikk,cantik
pkee,pakai
smkin,semakin
bgmna,bagaimana
ssorg,seseorang
hdpn,hadapan
foto2,foto-foto
mnambh,menambah
ktaatan,ketaatan
stju,setuju
dilepas2,dilepas-lepas
istiqomahh,istikamah
prodaknya,produknya
amu,kamu
jilbb,jilbab
tmn,teman
ndut,gendut
ngecek,mengecek
psti,pasti
penasarn,penasaran
astauviruloh,astagfirullah
paak,pak
diajarin,diajari
gawl,gaul
kecr,kece
laah,lah
aned,banget
gingsungny,gingsulnya
blh,boleh
cariin,carikan
kenceng,kencang
cuanti,cantik
mbanya,mbaknya
knlan,kenalan
mbaakk,mbak
mrka,mereka
nyusahhin,menyusahkan
byaran,bayaran
wlawpun,walaupun
sedangkn,sedangkan
tnpa,tanpa
bnggain,banggakan
nyusahin,menyusahkan
malu2in,malu-malui
dibanggain,dibanggakan
wlau,walau
komenan,komentar
"bangga""in,membangga-banggakan"
krya,karya
"bilang"",bilang-bilang"
tinggall,tinggal
dmna,dimana
dripda,daripada
bangga2in,membangga-banggakan
dibnggain,dibanggakan
karya2,karya-karya
drimana,darimana
ngepake',memakai
gksalah,enggak salah
nuntut,menuntut
ngebiarin,membiarkan
bhas,bahas
lagu'y,lagunya
jadiin,jadikan
diem,diam
nyampah,menyampah
"mba"",mbak-mbak"
bukan'a,bukannya
tappi,tapi
kalli,kali
pacara,pacaran
"ngerebut"",merebut-rebut"
lluu,lu
ngerussak,merusak
"bela""in,membela-bela"
bellain,membela
kallo,kalo
coment,komen
dewassa,dewasa
comnet,komen
"pikir"",pikir-pikir"
kaya'a,kayanya
kitaa,kita
sgtu'y,sebegitunya
ngebelain,membela
tpii,tapi
"karya"",karya-karya"
do,di
cali,caci
penghrgaan,penghargaan
ajjh,saja
lbihh,lebih
baikk,baik
drii,dari
"artist"",artis-artis"
"maki"",maki-maki"
sendirinnya,sendirinya
stidaknya,setidaknya
may,mau
trbaikk,terbaik
punn,pun
mengikutii,mengikuti
atassan,atasan
klauu,kalau
jngnn,jangan
so,sok
sendirinyya,sendirinya
frestasii,prestasi
mst,mesti
add,ada
see,sih
sibukx,sibuknya
in,ini
katanyaa,katanya
lawaas,lawas
kocaak,kocak
syng,sayang
adenya,adeknya
pkoknyaa,pokoknya
dsana,disana
dua2nya,dua-duanya
nampak,menampak
tetehh,teteh
cobain,coba
muga,moga
kenalin,mengenalkan
janka,jangka
waaww,wow
mantapp,mantap
kageet,kaget
oplas,operasi plastik
nambahh,bertambah
paripurnahh,paripurna
wanitah,wanita
indonesiaah,indonesia
cumn,cuman
gegra,gegara
brita,berita
fotbar,foto bareng
wajarr,wajar
sngt,sangat
wk,waktu
bingiitt,banget
nampar,menampar
tukan,tukang
jatoh,jatuh
"muka"",muka-muka"
cantik2nya,cantik-cantiknya
sdgkn,sedangkan
"apa"",apa-apa"
mancungin,memancungkan
idung,hidung
kusem,kusam
drpada,daripada
kmar,kamar
diemm,diam
tnggu,tunggu
ketawain,mentertawakan
yaelahh,alah
"sikap"",sikap-sikap"
bales,balas
ampuun,ampun
ngejatuhin,manjatuhkan
ngelakuin,melakukan
gedeg,gedek
muka2,muka-muka
eey,eh
kslahan,kesalahan
perhatiam,perhatian
dibiarin,dibiarkan
sbnrny,sebenarnya
trjd,terjadi
mkir,memikir
hny,hanya
apalai,apalagi
bkal,bakal
saat2,saat-saat
nyadar,menyadari
bka,buka
berani2,berani-berani
pipi'y,pipinya
gemmeezz,gemas
sukam,suka
menghilangkn,menghilangkan
mnjdkan,menjadikan
mudah2n,mudah-mudahan
stlh,setelah
soalx,soalnya
keche,kece
badaii,badai
btuh,butuh
ktanya,katanya
bebrp,beberapa
sblum,sebelum
santab,santap
salehah,salihah
mikirin,memikirkan
subhannallah,subhanallah
konsul,konsultasi
pengalam,pengalaman
poko,pokok
trun,turun
pinkk,pink
warnany,warnanya
seger,segar
senangat,semangat
msknya,masaknya
ciptain,ciptakan
sayangkuh,sayangku
gans,ganteng
kren,keren
babget,banget
dihh,dih
jadu,jadi
ksyngn,kesayangan
haru,harus
ngingetin,mengingatkan
narik,menarik
"orang"",orang-orang"
hancuuy,hancur
mattihh,mati
beudd,banget
termiribkan,termiripkan
dngerin,mendengarkan
brrti,berarti
wenakk,enak
nganteng,ganteng
abangg,abang
seksii,seksi
gtuh,begitu
jadii,jadi
emeezz,gemas
amohh,kamu
maau,mau
eyke,aku
awk,awak
liaatt,lihat
aloh,allah
ngett,banget
maso,masa
brubah,berubah
pelastik,plastik
keak,kayak
dengerin,dengarkan
beud,banget
pahamin,pahami
takuut,takut
ahahahanjirr,anjir
jogetin,berjoget
boker,berak
pacarnyaa,pacarnya
siapaa,siapa
matii,mati
ketawaa,ketawa
wanjiir,anjir
bw,bawa
minta,meminta
bnran,benaran
sgla,segala
uitnya,duitnya
sekaeang,sekarang
tgk,tengok
tanyain,tanyakan
jatuhnyaa,jatuhnya
banyakin,membanyaki
tipu2nya,tipu-tipunya
doaang,doang
gituan,begituan
kaj,kak
ii,ih
melebihin,melebihi
gakpapa,enggak apa-apa
kalogak,kalo enggak
sm2,sama-sama
ndukung,mendukung
aamiinn,amin
skluarga,sekeluarga
suaminga,suaminya
berhijap,berhijab
smgaa,semoga
istiqamah,istikamah
cuaantikk,cantik
muraah,murah
baraang,barang
bets,banget
alhamdulillaah,alhamdulillah
sembuhin,menyembuhkan
pengrusak,perusak
ngoceh,mengoceh
hpus,hapus
pjang,pajang
bdampingan,berdampingan
kaga,kagak
uih,uh
"serem"",seram-seram"
"happi"",hepi-hepi"
bgtuu,begitu
mff,maaf
ktwa,ketawa
trlalu,terlalu
jjur,jujur
ngmg,mengomong
semogaa,semoga
kepelesett,terpeleset
geelaakk,gila
bolang,bocah petualang
pkek,pakai
lagihh,lagi
hedeuuhh,aduh
stress,stres
saltumm,salah kostum
mboizz,bois
suda,sudah
kayaq,kayak
ema,emak
dirumahny,dirumahnya
yuh,tuh
rmbt,rambut
apus,hapus
siapayahh,siapa ya
kostom,kostum
gnii,begini
atuu,satu
pipinyaa,pipinya
bungkuuss,bungkus
iihhj,ih
emeess,gemas
pipine,pipinya
glembeer,gelambir
lucunaa,lucunya
cubanget,lucu banget
unyuuk,unyu
dedek,adek
lucunyah,lucunya
keduaa,kedua
trsrh,terserah
ksih,kasih
seterong,setrong
teyuss,terus
dimasukin,dimasuki
jelekin,menjelekkan
jahatin,menjahati
tai,tahi
gtw,enggak tau
qo,kok
nulis,menulis
nyebutin,menyebutkan
ngertiin,mengerti
rasaiin,rasai
gakusah,enggak usah
disni,disini
nyalahin,menyalahkan
bedainnya,membedakannya
keknya,kayaknya
krus,kurus
elaahh,alah
cogan,cowok ganteng
tap8,tapi
pandanginya,memandanginya
kenaliin,kenalkan
banyak2,banyak-banyak
yo,ya
suko,suka
"sebaik"",sebaik-baik"
segtu,sebegitu
ngebenci,membenci
bakar2in,bakar-bakari
padhe,pakde
yya,ya
atw,atau
dosa2mu,dosa-dosamu
maafin,memaafi
gile,gila
ujung2,ujung-ujung
dalem2,dalam-dalam
kgak,kagak
bahas2,bahas-bahas
ud,sudah
woles,selow
hianatin,khianati
halangin,halangi
iyuh,ih
iyuuhh,ih
gabakal,enggak bakal
adapin,menghadapi
ngehakimi,menghakimi
ngejuangin,memperjuangkan
dipojokin,dipojokkan
bacotin,bacoti
berati,berarti
kebangetak,kebangetan
tangkep,tangkap
bt,buat
sadis2,sadis-sadis
maksir,menaksir
hebatt,hebat
pndang,pandang
pmbelajaran,pembelajaran
ngejelek,menjelekkan
maslah,masalah
mmperbaiki,memperbaiki
nahan,menahan
kafeh,kafe
remang2,remang-remang
mlh,malah
tinggl,tinggal
dirmh,dirumah
ktika,ketika
dipuja2,dipuja-puja
ngrasain,merasai
ityl,itil
hbs,habis
marah2,marah-marah
wenak,enak
ngarang,mengarang
kelas'a,kelasnya
"kecil"",kecil-kecil"
"gtu""an,begitu-gituan"
gmanapun,bagaimanapun
kr,kira
nenek2,nenek-nenek
taux,taunya
urat2nya,urat-uratnya
ketarik,tertarik
ngorbanin,mengorbankan
eksprsi,ekspresi
gitulah,begitulah
"foto"",foto-foto"
mamas,mas
bandingin,bandingkan
tua2,tua-tua
terus2an,terus-terusan
waduhh,waduh
"bawa"",bawa-bawa"
badingkan,membandingkan
ngurus,mengurus
lanjutin,lanjutkan
ributin,meributkan
brantem,berantem
belain,membela
lipetan,lipatan
"nenek"",nenek-nenek"
bneraan,benaran
sangaatt,sangat
rmbuut,rambut
nt,nanti
walik,balik
oma2,oma-oma
kellen,kalian
nyerocos,mencerocos
ibuk2,ibu-ibu
ngomenin,mengomentari
iseng2,iseng-iseng
niyyhh,nih
sexi2,seksi-seksi
blik,balik
kenape,kenapa
ladenin,meladeni
skit,sakit
hat,hati
jilbabnye,jilbabnya
ledkin,meledeki
digabtikan,digantikan
jng,jangan
ngumung,mengomong
ilang-in,hilangkan
prinadi,pribadi
luh,lu
yep,ya
heloo,halo
loe,lo
palingann,palingan
berjinah,berzina
munaafikk,munafik
urusn,urusan
saudra,saudara
trganggu,terganggu
bhijab,berhijab
lepasin,melepas
smentara,sementara
ursan,urusan
sudab,sudah
dwsa,dewasa
rpt2,repot-repot
ngaji,mengaji
nmr,nomor
romantiz,romantis
murmer,murah meriah
pensaran,penasaran
baru2,baru-baru
yuukk,yuk
lainnyaa,lainnya
perbulann,perbulan
penyebab2,penyebab-penyebab
nyupir,menyopir
steess,stres
kwatir,kawatir
tengah2,tengah-tengah
duetin,duet
mudaa,muda
sebenernya,sebenarnya
silsturahmi,silaturahmi
dijkt,dijakarta
cums,cuma
undangan2,undangan-undangan
past,pasti
ayukk,yuk
ngucapin,mengucapkan
filmny,filmnya
ntn,menonton
nobar,menonton bareng
kemariin,kemarin
knpp,kenapa
lggi,lagi
gaprgi,enggak pergi
pa2,apa-apa
dtunggu,ditunggu
masa2,masa-masa
kepikir,terpikir
seruu,seru
emeshh,gemas
kaya,kayak
pacarn,pacaran
ktg,kita
pacaranya,pacarannya
mbaak,mbak
ngalah,mengalah
de,dek
pacarane,pacarannya
rusakk,rusak
yaampunn,ya ampun
tuwek,tua
mukae,mukanya
ultahe,ultahnya
kliatanya,kelihatannya
pcaranya,pacarannya
bermaksut,bermaksud
tampialannya,tampilannya
nikaah,nikah
"anak"",anak-anak"
pankapan,kapan-kapan
ngumbar,mengumbar
dhpusin,dihapuskan
istiqomah,istikamah
mnutup,menutup
bngatt,banget
dii,di
ooh,oh
hapusin,hapuskan
ngeuh,engah
sneng,senang
mutusin,memutuskan
ngapus,menghapus
awl,awal
hrus,harus
bngkit,bangkit
mncoba,mencoba
mutuain,memutuskan
smw,semua
geuliis,geulis
euyy,euy
uuh,uh
ngirim,mengirim
ngidam,mengidam
waah,wah
sampis,sampah habis
maapin,maaf
ngebala,bala
mampuuss,mampus
diihh,dih
hrusnya,harusnya
sabal,sabar
udahlah,sudahlah
kauu,kau
sabaro,sabar
kreative,kreatif
bangrt,banget
azekk,asik
kuaatt,kuat
bhet,banget
inggrisny,inggrisnya
dsna,disana
iyaap,iya
mksih,terima kasih
nga,enggak
canyk,cantik
prodac,produk
nyesell,menyesal
ciyuss,serius
cyin,cinta
sexi,seksi
bundaa,bunda
bangget,banget
bett,banget
cantiillx,cantik
brapa,berapa
alaami,alami
sabaarr,sabar
banggett,banget
thnan,tahunan
cuantik,cantik
wouww,wow
pen,pengin
catokin,catok
ikut2an,ikut-ikutan
comment2nya,komentar-komentarnya
teman2,teman-teman
besar2an,besar-besaran
knsul,konsultasi
brhasil,berhasil
hilangin,menghilangkan
kontak2,kontak-kontak
dptnya,dapatnya
applikasi,aplikasi
bngeet,banget
gemesinn,menggemaskan
ongkiir,ongkir
saayy,say
ganteung,ganteng
bhgia,bahagia
lucuukk,lucu
keciil,kecil
yakinn,yakin
pentass,pentas
ngarep,mengharap
lucu2,lucu-lucu
testinya,testimoninya
mengirusi,mengurusi
khdpn,kehidupan
ngelawan,melawan
betuull,betul
bisax,bisanya
klmbutan,kelembutan
seburuk2,seburuk-buruk
diingetin,diingatkan
nich,nih
akhlah,akhlak
elo2,lo-lo
mandiin,memandikan
nguburin,menguburkan
ngebedain,membedakan
urusanny,urusannya
tuhanny,tuhannya
brtngkar,bertengkar
pndapat,pendapat
sharusnya,seharusnya
mngkannya,mangkanya
nyia2in,menyia-nyiakan
brarti,berarti
mndpat,mendapat
kpuasan,kepuasan
sgampang,segampang
mlepaskan,melepaskan
trll,terlalu
sndr,sendiri
sellow,selow
sbbrnya,sebenarnya
kasar2,kasar-kasar
semangatt,semangat
testi,testimoni
bujukk,bujuk
d.apa,diapa
apain,apai
dsar,dasar
benetaran,benaran
bneran,benaran
si,sih
kraya,karya
brg,bareng
ngebantu,membantu
janjutin,lanjutkan
keppoin,kepoi
recommendasi,rekomendasi
btulan,betulan
kha,kah
s,si
tutupin,menutupi
wik,wig
ithu,itu
botakin,botaki
botakk,botak
bnrn,benaran
week,wig
gawul,gaul
modes,modis
brayy,bray
kcantikan,kecantikan
bronis,brondong manis
gapunya,enggak punya
bkln,bakalan
kecantikanga,kecantikannya
hii,hai
piilih,pilih
deeh,deh
zama,zaman
gnti,ganti
nmnya,namanya
tapo,tapi
gkk,enggak
petinggi2,petinggi-petinggi
wota2,wota-wota
indefendet,independen
tempat2,tempat-tempat
taik,tahi
dituutup,ditutup
ngayal,mengkhayal
smvk,sempak
knyataan,kenyataan
njritt,anjir
selmt,selamat
taz,atas
klhran,kelahiran
pertma,pertama
kelahuran,kelahiran
pertamany,pertamanya
mamax,mamanya
ankx,anaknya
cantip,cantik
klahiran,kelahiran
slmat,selamat
mmbanggakan,membanggakan
ortuny,orang tuanya
selmat,selamat
bnda,bunda
nyah,nya
prtamax,pertamanya
moqa,moga
yq,yang
brbakti,berbakti
gewlaa,gila
basodaraa,bersaudara
hargs,harga
perhatiin,perhatikan
abal2,abal-abal
bantuim,bantu
adl,adalah
pelwak,pelawak
suces,sukses
sucses,sukses
garemin,garami
gapake,enggak pakai
ngiringan,mengiringi
karir.a,karirnya
teruz,terus
kemarn,kemarin
recomendasinya,rekomendasinya
promoo,promo
ongkirr,ongkir
mskasih,terima kasih
seemua,semua
batesin,batasi
bijin,bikin
ngeidealin,mengidealkan
bhn,bahan
gasalah,enggak salah
brsma,bersama
le,boleh
ugha,juga
semuaa,semua
hee,hai
rame2,rame-rame
yam,ya
kartunin,kartun
kyaknya,kayaknya
abez,habis
ganteeng,ganteng
entahh,entah
gimanaa,bagaimana
gantengnyaa,gantengnya
kpn2,kapan-kapan
pans,fan
kuliyh,kuliah
gantengkuu,gantengku
atass,atas
orgny,orangnya
owalaah,walah
aslinyo,aslinya
alissnyaa,alisnya
masaa,masa
komuk,muka
kalahnye,kalahnya
fakultass,fakultas
smrg,semarang
unyu2,unyu-unyu
koq,kok
yyaa,ya
insonniaa,insomnia
adekx,adeknya
azaab,azab
gksi,enggak sih
greged,greget
ktemu,ketemu
ditayangin,ditayangkan
"ms"",masa-masa"
meranin,memerankan
nontonny,menontonnya
sista2,sista-sista
agan2,agan-agan
ngg,enggak
nanget,banget
ngeditnya,mengeditnya
himana,bagaimana
kekgini,kayak begini
subhanaallahh,subhanallah
sangat2,sangat-sangat
"kata"",kata-kata"
subhanallahh,subhanallah
tlsn,tulisan
nagiss,menangis
aneut,banget
trrharu,terharu
subhnallah,subhanallah
dcintai,dicintai
klrga,keluarga
liat'y,lihatnya
lggeng,langgeng
romantisny,romatisnya
pcar,pacar
kakanga,kakaknya
slw,selow
cpa,siapa
aelah,alah
orabg,orang
mukanyaa,mukanya
kakakny,kakaknya
wooyy,woy
ngelucu,melucu
bukak,buka
mato,mata
kareno,karena
cino,cina
munafikk,munafik
meker,mikir
indoneaia,indonesia
benarin,membenarkan
jaadii,jadi
apo,apa
nyo,nya
miara,memiara
jalanani,menjalani
dalil2,dalil-dalil
sunah2,sunah-sunah
sdah,sudah
benda2,benda-benda
bilang2,bilang-bilang
emangnya,memangnya
rumpiin,rumpi
hotak,botak
ikut2,ikut-ikut
jawabanny,jawabannya
ajj,saja
mikir2,memikir-mikir
melihara,memelihara
hidupx,hidupnya
ngefans,fan
lsg,langsung
uztad,ustad
anjingnyaa,anjingnya
pegang2,pegang-pegang
ilmh,ilmu
menasehati,menasihati
suka2,suka-suka
kelus,kali
hubngan,hubungan
koclak,kocak
bju,baju
cinggirnyaa,cinggirnya
sedikitlaahh,sedikitlah
miriplahh,miriplah
syediih,sedih
mirp,mirip
baju.a,bajunya
gantheng,ganteng
synk,sayang
ngfans,fan
miriipp,mirip
idungnya,hidungnya
panglingg,pangling
artisnyaa,artisnya
dtggu,ditunggu
trnyata,ternyata
rapih,rapi
buun,bun
iyaapps,iya
sukse,sukses
nih2,nih-nih
baruu,baru
kecptan,kecepatan
rmbutnya,rambutnya
giti,begitu
penganten,pengantin
wrn,warna
ne,ini
fans,fan
loksyut,lokasi syuting
amfun,ampun
k',kak
asuu,asu
kuu,ku
dsini,disini
dibls,dibalas
ceklist,ceklis
tlvn,telepon
trkrim,terkirim
kelaluan,kelakuan
guanteng,ganteng
cucok,cocok
c,sih
haduh,aduh
mlz,malas
emak2,emak-emak
tante2,tante-tante
kepoh,kepo
jalanin,menjalani
repong,repot
ngrusin,mengurusi
iy,iya
dnk,dong
senyumna,senyumnya
ngejelek2in,menjelek-jelekkan
hotx,hotnya
cwnya,ceweknya
mbaahh,mbah
pasangn,pasangan
sttus,status
aama,sama
hadeuuhh,aduh
lebar2,lebar-lebar
sstu,sesuatu
serasii,serasi
cocokx,cocoknya
emakx,emaknya
cocookk,cocok
kll,kalo
arghh,ah
ungkapin,ungkapkan
merrid,merit
neh,nih
yaolohh,ya allah
aee,saja
naggung,menanggung
batt,banget
am,sama
tah,teh
luthuna,lucunya
suaraynyaa,suaranya
duanyaa,duanya
anjayy,anjay
coegg,coeg
ancur,hancur
koplak,kocak
uaassiik,asik
boss,bos
nyubit,mencubit
dede,adek
gemez,gemas
tium,cium
gemeezz,gemas
ppa,papa
papahhnya,papahnya
ginting,ganteng
dedeknya,adeknya
hadeeuh,aduh
genee,begini
yoow,ya
gemezz,gemas
gayax,gayanya
infpyunn,ampun
papii,papi
kamunyaa,kamunya
ngambek,mengambek
haduuh,aduh
kapaan,kapan
nginjek,menginjak
putihnyaa,putihnya
omaakk,oma
didatengin,didatangi
abg,abang
kmariin,kemarin
ayoklaa,ayolah
jelass,jelas
kaliin,kalian
ujungg,ujung
kaakaa,kakak
srruu,seru
kann,kan
jmpaa,jumpa
syukaakk,suka
dengeeriin,dengarkan
yakalii,yakali
ngertii,mengerti
apalgi,apalagi
akuh,aku
mesrany,mesranya
jendes,janda
coccokk,cocok
msa,masa
klepek2,klepek-klepek
ponakn,ponakan
tantee,tante
gadiss,gadis
tpy,tapi
jnda,janda
bngy,banget
bujngn,bujangan
ngp,mengapa
padetan,padatan
bawa2,bawa-bawa
nyobain,mencoba
pcaran,pacaran
or,orang
tdak,tidak
prcuma,percuma
langgengg,langgeng
anehh,aneh
hayal,khayal
bedua,berdua
bapeerr,bawa perasaan
keinget,teringat
merekak,mereka
kreenn,keren
abiss,habis
kocaakk,kocak
abiiss,habis
personill,personil
lengkapp,lengkap
flim.a,filmnya
trusan.a,terusannya
tdung,tudung
gangguin,mengganggu
lgkah2,langkah-langkah
taw,tau
cntiikk,cantik
tegaar,tegar
sktlrang,sekarang
sjk,sejak
tambh,tambah
gaada,enggak ada
malsudnya,maksudnya
lluuccuu,lucu
siappa,siapa
martabakk,martabak
skali2,sekali-kali
kueren2,keren-keren
abgnya,abangnya
warkop,warung kopi
hayuu,hayo
kenapaa,kenapa
ilang2an,hilang-hilangan
inihh,ini
oom,om
mansetan,bermanset
cadass,cadas
"temen"",teman-teman"
telefisi,televisi
nikmatin,menikmati
mbahh,mbah
giitu,begitu
mtanya,matanya
cpit,sipit
dee,dek
sumvahh,sumpah
tamvann,tampan
yap,ya
capa,sapa
ngakakk,mengakak
liaat,lihat
gantweng,ganteng
anjj,anjing
gakwad,enggak kuat
seru2,seru-seru
favoritee,favorit
adaa,ada
dinyanyiin,dinyanyikan
nyengir,menyengir
temennya,temannya
klk,kelak
brjdh,berjodoh
akhrt,akhirat
kanggen,kangen
ysh,ya
sypa,siapa
brjodoh,berjodoh
barengg,bareng
kpnpun,kapanpun
mendj,menjadi
merindingg,merinding
lhir,lahir
udeh,sudah
menjdi,menjadi
debay,adek bayi
bangeer,banget
lafazd,lafaz
pmbyran,pembayaran
plsa,pulsa
"dimana"",dimana-mana"
sokk,sok
ngambekan,ambekan
sma2,sama-sama
ngom,mengomong
tolooll,tolol
bodhoo,bodoh
peliharaa,pelihara
makanyaa,makanya
"ati"",hati-hati"
kemakan,termakan
andaa,anda
buktinyaa,buktinya
smuaa,semua
ngambeknya,mengambeknya
kebongkar,terbongkar
tapii,tapi
kasiian,kasihan
diladenin,diladeni
comen,komen
ngtif,negatif
comntr,komentar
brdiri,berdiri
mulutny,mulutnya
msalah,masalah
trserh,terserah
waduuh,waduh
ngedukung,mendukung
dihpus,dihapus
cakeepp,cakep
benerr,benar
"brg"",bareng-bareng"
baanget,banget
ngetsz,banget
utkmu,untukmu
anj,anjing
diee,dia
hijap,hijab
ternodain,ternodai
ngeri2,ngeri-ngeri
mn,mana
kt2,kata-kata
agk,agak
slhkan,salahkan
jilbabny,jilbabnya
perilakuny,perilakunya
ketaatanny,ketaatannya
kepda,kepada
sblmny,sebelumnya
bljr,belajar
pedulilaah,pedulilah
ingetin,mengingatkan
terjrumus,terjerumus
stuju,setuju
sbb,sebab
igtlah,ingatlah
dtgkan,datangkan
benahin,membenahi
bingitt,banget
buka2an,buka-bukaan
ngembali,kembali
semngat,semangat
lekong,laki
kacauu,kacau
ngimpi,mimpi
owh,oh
ngerampas,merampas
ngehancurin,menghancurkan
ngungkit2,mengungkit-ungkit
kalee,kali
caranga,caranya
usa,usah
dipikirin,dipikirkan
nunduk,menunduk
tembemm,tembem
nyubitt,mencubit
jls2,jelas-jelas
supeer,super
inni,ini
appa,apa
hayoo,hayo
adyem,adem
mitnah,memfitnah
tmbm,tembam
cantix,cantik
kriput,keriput
jelex,jelek
drmn,darimana
"laku"",laku-laku"
"orang""nya,orang-orangnya"
kacian,kasihan
mancing2,memancing-mancing
eeh,eh
kpancing,terpancing
lakuin,melakukan
cri,cari
sbenernya,sebenarnya
mikirinn,memikirkan
"diam"",diam-diam"
mengalahkn,mengalahkan
nyindirin,menyindir
nee,ini
klakuan,kelakuan
mksdx,maksudnya
shabat,sahabat
jk,jika
brbuat,berbuat
mmberi,memberi
nm,nama
sbhabat,sahabat
pnjerumus,penjerumus
tman,teman
shbat,sahabat
melakukn,melakukan
seorg,seorang
berkluarga,berkeluarga
siapa2,siapa-siapa
ketipu,tertipu
"laki"",laki-laki"
mengait2kan,mengait-ngaitkan
nyir2,nyinyir
gosipin,menggosipkan
sendri,sendiri
bntar,bentar
nmbk,menembak
tikung2,tikung-tikung
cwok,cowok
bangedd,banget
wuastagah,astaga
jaooh,jauh
matee,mati
parsis,persis
sumpeh,sumpah
iyh,iya
kmana,kemana
cantiqs,cantik
kecik,kecil
brasa,berasa
trlihat,terlihat
mmberikan,memberikan
khidupan,kehidupan
srpti,seperti
dinamakn,dinamakan
sgtu,sebegitu
paati,pasti
kutuu,kutu
setelur2nya,setelur-telurnya
khadiran,kehadiran
kel,keluarga
srta,serta
kcil,kecil
kberkahn,keberkahan
kbahagiaan,kebahagiaan
tntram,tentram
brsama,bersama
hngga,hingga
brpndapat,berpendapat
trutama,terutama
hiraukn,hiraukan
diamkn,diamkan
hrsny,harusny
brsyukur,bersyukur
mmberikn,memberikan
rasakn,rasakan
cari2,cari-cari
kesalahanny,kesalahannya
kekuranganny,kekurangannya
seandainy,seandainya
perasaanny,perasaannya
diindonesis,diindonesia
liyatnya,lihatnya
kayahh,kaya
ala2,ala-ala
yook,yuk
elus2,elus-elus
padahl,padahal
btul,betul
kejahatn,kejahatan
slam,salam
ngelewati,melewati
kalu,kalau
ngerendahin,merendahkan
apaalahh,apalah
tnp,tanpa
menyebut2,menyebut-nyebut
mnt,minta
kiya,kita
dirimuu,dirimu
yoiiu,yoi
semuanyaa,semuanya
suka.a,sukanya
jdii,jadi
blnja,belanja
brangnya,barangnya
ada2,ada-ada
nimpuk,menimpuk
prlu,perlu
coyy,coy
jnagn,jangan
kcwa,kecewa
jaman2,jaman-jaman
sok2an,sok-sokan
dket2in,dekat-dekati
cobak,coba
britanya,beritanya
tau2,tau-tau
jamam,jaman
paraa,para
seharusny,seharusnya
dasaar,dasar
bergunaa,berguna
mulutnyaa,mulutnya
blkng,belakang
kcewa,kecewa
mnusuk,menusuk
blkang,belakang
nembak,menembak
trmanis,termanis
krng,kurang
kaciiaann,kasihan
nyela,mencela
ngejilat,menjilat
halloo,halo
deketin,dekati
tayik,tahi
haloo,halo
ustzah,ustazah
halow,halo
tahann,tahan
aduuh,aduh
nyimpen,menyimpan
ngarsipin,mengarsipkan
cman,cuman
kyy,kaya
kngn,kangen
kq,kok
nyesek,menyesak
b2,berdua
mg,moga
prh,parah
bakatt,bakat
napsuu,napsu
gmau,enggak mau
luccu,lucu
prasaan,perasaan
lahirr,lahir
sering2,sering-sering
ceemen,cemen
"sembunyi"""",sembunyi-sembunyi"
skrnh,sekarang
cerdiik,cerdik
jeniuss,jenius
kurangin,kurangi
kreen,keren
s'lalu,selalu
mintk,minta
nyolong,mencolong
pnjng,panjang
slaluu,selalu
kangg,kang
rezeqinya,rezekinya
pintr,pintar
maw,mau
kura2,kura-kura
edaann,edan
nempel,menempel
sukkaa,suka
luucuu,lucu
caantiik,cantik
putihh,putih
"terus""an,terus-terusan"
ternyataa,ternyata
poll,pol
peduliin,mempedulikan
komntr,komentar
smngat,semangat
dosax,dosanya
pahalax,pahalanya
akhirt,akhirat
tinggalkn,tinggalkan
rumh,rumah
mk,maka
trhtung,terhitung
naa,nya
ademm,adem
cerdass,cerdas
tambahh,tambah
didengerin,didengarkan
ngerespon,merespons
dulurr,dulur
brusaha,berusaha
lebh,lebih
amin2,amin-amin
positipp,positif
jauuhh,jauh
brhjb,berhijab
mdh2n,mudah-mudahan
slmnya,salamnya
jlbb,jilbab
dempga,semoga
selmnya,selamanya
tth,teteh
otot2,otot-otot
lengkeett,lengket
caannttiikk,cantik
apalagii,apalagi
cuantek,cantik
akuur,akur
iniehh,ini
sayangx,sayangnya
jodohx,jodohnya
kaliaan,kalian
haslnya,hasilnya
kencng,kencang
pmbantu,pembantu
kmbl,kembali
cuchook,cocok
kloop,klop
klihatan,kelihatan
cintax,cintanya
pnuh,penuh
ngrti,mengerti
"mudah""an,mudah-mudahan"
"segala""ny,segala-galanya"
mantanny,mantannya
jodohny,jodohnya
cantk,cantik
kaasian,kasihan
padhl,padahal
"ank"",anak-anak"
pkrin,pikirkan
anakx,anaknya
sia2kan,sia-siakan
beluumm,belum
sayanggq,sayangku
kreean,keren
berenanh,berenang
besokk,besok
annjjrr,anjir
ngeliatin,melihati
ngumbar2,mengumbar-umbar
romantiss,romantis
cocook,cocok
lgs,langsung
bangedt,banget
gde,gede
bikinn,bikin
kee,ke
lucux,lucunya
bntr,bentar
buanyaak,banyak
ntap,mantap
abgnyaah,abangnya
mungkiin,mungkin
akuhh,aku
manteb,mantap
hiduupp,hidup
tebel,tebal
nganggepin,menanggapi
"mentang"",mentang-mentang"
najiss,najis
perjabatt,pejabat
makany,makanya
benneerr,benar
krjaan,pekerjaan
kdng,kadang
kdang,kadang
knan,kanan
anak'y,anaknya
trknal,terkenal
"gtu"",begitu-gitu"
klok,kalo
guw,gue
selaloe,selalu
beruntungnyaa,beruntungnya
soal'y,soalnya
prhatian,perhatian
hebaat,hebat
gehh,gih
ankknyaa,anaknya
centilnyaa,centilnya
gemesshzzhzzhzhzhsjssjs,gemas
ngacaa,mengaca
jirr,anjir
kayaa,kaya
cempreeng,cempreng
centill,centil
pcran,pacaran
anedh,banget
ampyunn,ampun
boro2,boro-boro
nyta,nyata
kampungn,kampungan
j,saja
mnghina,menghina
ngolokin,mengolok
blum,belum
"syirik"",syirik-syirik"
than,tahan
dsr,dasar
siriik,sirik
mampuu,mampu
khan,kan
cemburuu,cemburu
bingitzz,banget
tlog,tolong
apasihh,apasih
sirikk,sirik
dbnding,dibanding
nrka,neraka
s3ndiri,sendiri
bhgiain,membahagiakan
kdua,kedua
prcya,percaya
bhagaia,bahagia
cuco,cocok
genitt,genit
kx,kak
mlikk,milik
"mentah"",mentah-mentah"
canci,cantik
aneed,banget
lainn,lain
pentingg,penting
bagaimanaa,bagaimana
krudung,kerudung
enakk,enak
pool,pol
oprasiya,operasinya
uwee,gue
pilihanny,pilihannya
itumahh,itumah
muu,mu
berbakiti,berbakti
alhamd,alhamdulillah
slmtt,selamat
ucapin,mengucapkan
tetp,tetap
ditengah2,ditengah-tengah
semuannyaa,semuanya
abs,habis
kebnyak'an,kebanyakan
melahirin,melahirkan
cakeep,cakep
bagi2,bagi-bagi
gimn,bagaimana
smogaa,semoga
biza,bisa
aamien,amien
lngsing,langsing
wowooww,wow
smulla,semula
pdhall,padahal
blln,bulan
senang2,senang-senang
jh,saja
gtu2,begitu-gitu
cpet,cepat
gataunya,enggak taunya
gtau,enggak tau
fans2,fan-fan
gaharus,enggak harus
akoh,aku
amaca,ah masa
amuh,kamu
aph,apa
apose,apa
apz,apa
baryaw,sabar ya
baryw,sabar ya
bryaw,sabar ya
bryw,sabar ya
bay,selamat tinggal
besoq,besok
bhay,selamat tinggal
bisya,bisa
bokap,ayah
bkap,ayah
bkp,ayah
bokaps,ayah
bokapz,ayah
bsoq,besok
bte,bosan
bozen,bosan
bozn,bosan
bzn,bosan
bzen,bosan
cabut,pergi
caiank,sayang
cekola,sekolah
cekolah,sekolah
celalaw,selalu
celalu,selalu
cemungudh,semangat
cemungut,semangat
cemunguth,semangat
cibuq,sibuk
ciyus,serius
cll,selalu
cllu,selalu
cllw,selalu
cpe,capek
cpee,capek
dapa,ada apa
dapah,ada apa
dftr,daftar
dimance,dimana
dimandose,dimana
dimans,dimana
duluw,dulu
eteb,bosan
gabut,menganggur
gakz,tidak
gataw,tidak tahu
gengges,ganggu
ghiy,lagi
gi,lagi
gue,saya
hums,rumah
humz,rumah
huum,iya
iyach,iya
iyapz,iya
iyup,iya
iyupz,iya
iz,iya
iza,iya
izza,iya
jamber,jam berapa
kau,kamu
kenapah,kenapa
kenaps,kenapa
kenapz,kenapa
kepo,ingin tahu
keyen,keren
khanz,kan
kuq,kok
kzl,kesal
lam,salam
lo,kamu
lom,belum
low,kalau
lp,lupa
lu,kamu
lum,belum
lun,belum
luthu,lucu
mager,malas bergerak
makaci,terima kasih
miapa,demi apa
miapah,demi apa
misal'a,misalnya
muup,maaf
mu'uv,maaf
nak,anak
naq,anak
nax,anak
ndax,tidak
ngabungin,menggabungkan
ngerokok,merokok
nggax,tidak
nggesek,menggesek
nggosok,menggosok
ngibul,berbohong
nyokap,ibu
nykap,ibu
nykaps,ibu
nykapz,ibu
nykp,ibu
oc,oke
oce,oke
ok,oke
okedech,oke
okedeh,oke
okeh,oke
okz,oke
ouch,oh
ouh,oh
pasutri,pasangan suami istri
paz,pas
pengin,ingin
pzt,pasti
qaqa,kakak
qq,kakak
sabeb,bebas
sabi,bisa
saltum,salah kostum
selaw,santai
selow,santai
shap,siap
shaps,siap
syipp,sip
tau,tahu
tauk,tahu
telp,telepon
thx,terima kasih
tipi,televisi
tq,terima kasih
trimz,terima kasih
udd,sudah
von,telepon
wad,buat
wat,buat
yaw,ya
yoi,iya
yups,ya
yupz,ya
@,di
afaik,as far as i know
ahaha,haha
ajep-ajep,dunia gemerlap
akika,aku
akkoh,aku
akuwh,aku
alay,norak
alow,halo
anjrit,anjing
anter,antar
ap2,apa-apa
apasih,apa sih
apes,sial
aps,apa
aquwh,aku
asbun,asal bunyi
aseekk,asyik
asekk,asyik
asem,asam
aspal,asli tetapi palsu
astul,asal tulis
au ah,tidak mau tahu
awak,saya
ay,sayang
b4,sebelum
bakalan,akan
bandes,bantuan desa
bangedh,banget
banpol,bantuan polisi
banpur,bantuan tempur
basbang,basi
bcanda,bercanda
bdg,bandung
begajulan,nakal
bencong,banci
bentar,sebentar
ber3,bertiga
beresin,membereskan
bete,bosan
bijimane,bagaimana
bintal,bimbingan mental
bkl,akan
bknnya,bukannya
blegug,bodoh
bnci,benci
bodor,lucu
bokis,bohong
boljug,boleh juga
bonek,bocah nekat
boyeh,boleh
bro,saudara laki-laki
bsen,bosan
btw,ngomong-ngomong
buaya,tidak setia
bubbu,tidur
bubu,tidur
bumil,ibu hamil
byrin,bayarkan
cabal,sabar
cadas,keren
calo,makelar
can,belum
capcus,pergi
caper,cari perhatian
ce,cewek
cekal,cegah tangkal
cemen,penakut
cengengesan,tertawa
chuyunk,sayang
cimeng,ganja
cipika cipiki,cium pipi kanan cium pipi kiri
ciyh,sih
ckepp,cakep
cmiiw,correct me if i'm wrong
cong,banci
conlok,cinta lokasi
cowwyy,maaf
cp,siapa
cppe,capek
cuex,cuek
cumi,cuma miscall
cups,culun
curanmor,pencurian kendaraan bermotor
curcol,curahan hati colongan
dek,adik
demen,suka
deyh,deh
diancurin,dihancurkan
dimaafin,dimaafkan
dimintak,diminta
disono,di sana
dket,dekat
dkk,dan kawan-kawan
dll,dan lain-lain
dngn,dengan
dodol,bodoh
doku,uang
dongs,dong
drtd,dari tadi
dst,dan seterusnya
duh,aduh
duren,durian
ed,edisi
egp,emang gue pikirin
eke,aku
endak,tidak
envy,iri
ex,mantan
fax,facsimile
fifo,first in first out
folbek,follow back
fyi,sebagai informasi
gak papa,tidak apa-apa
gan,juragan
gaptek,gagap teknologi
gatek,gagap teknologi
gawe,kerja
gebetan,orang yang disuka
geje,tidak jelas
gepeng,gelandangan dan pengemis
gino,gigi nongol
githu,gitu
gj,tidak jelas
goblok,bodoh
golput,golongan putih
gowes,mengayuh sepeda
gpny,tidak punya
gr,gede rasa
gretongan,gratisan
gua,saya
guoblok,goblok
ha,tertawa
haha,tertawa
hallow,halo
hankam,pertahanan dan keamanan
hehe,he
hey,hai
hlm,halaman
hoax,isu bohong
hubdar,perhubungan darat
huff,mengeluh
hum,rumah
ilfil,tidak suka
imho,in my humble opinion
imoetz,imut
item,hitam
iye,iya
jaim,jaga image
jayus,tidak lucu
jem,jam
jgnkan,jangankan
jir,anjing
jomblo,tidak punya pacar
jubir,juru bicara
jutek,galak
kab,kabupaten
kabor,kabur
kacrut,kacau
kadiv,kepala divisi
kagak,tidak
kalo,kalau
kampret,sialan
kamtibmas,keamanan dan ketertiban masyarakat
kamuwh,kamu
kanwil,kantor wilayah
kasubbag,kepala subbagian
katrok,kampungan
kayanya,kayaknya
kbr,kabar
kdu,harus
kec,kecamatan
kejurnas,kejuaraan nasional
kekeuh,keras kepala
kepengen,mau
kepsek,kepala sekolah
kesbang,kesatuan bangsa
kesra,kesejahteraan rakyat
ketrima,diterima
kgiatan,kegiatan
kibul,bohong
kimpoi,kawin
klianz,kalian
kloter,kelompok terbang
kmps,kampus
knal,kenal
kodya,kota madya
komdis,komisi disiplin
komsov,komunis sovyet
kongkow,kumpul bareng teman-teman
kopdar,kopi darat
korup,korupsi
krenz,keren
ktr,kantor
kuper,kurang pergaulan
lamp,lampiran
lanud,landasan udara
latgab,latihan gabungan
lebay,berlebihan
litbang,penelitian dan pengembangan
lmyn,lumayan
lola,lambat berfikir
louph,cinta
"luber,""langsung, umum, bebas, dan rahasia"""
luchuw,lucu
lwn,lawan
mabal,bolos
macih,masih
maem,makan
magabut,makan gaji buta
mak jang,kaget
mam,makan
maneh,kamu
maniez,manis
melu,ikut
mepet,dekat sekali
mgu,minggu
migas,minyak dan gas bumi
mikol,minuman beralkohol
miras,minuman keras
mngkn,mungkin
mokad,mati
moso,masa
mpe,sampai
mt,makan teman
mubes,musyawarah besar
mulu,melulu
mumpung,selagi
munas,musyawarah nasional
muntaber,muntah dan berak
musti,mesti
muupz,maaf
n,dan
nanam,menanam
napi,narapidana
"napza,""narkotika, alkohol, psikotropika, dan zat adiktif"""
"narkoba,""narkotika, psikotropika, dan obat terlarang"""
nasgor,nasi goreng
ndiri,sendiri
nekolin,neokolonialisme
ngabuburit,menunggu berbuka puasa
ngambil,mengambil
nganggur,tidak punya pekerjaan
ngapah,kenapa
ngaret,terlambat
ngebandel,berbuat bandel
ngegosip,bergosip
ngeklaim,mengklaim
ngeksis,menjadi eksis
ngeles,berkilah
ngelidur,menggigau
ngerampok,merampok
ngiler,mau
ngisiin,mengisikan
ngubek2,mencari-cari
nih,ini
niyh,nih
np,now playing
numpuk,bertumpuk
nyekar,menyekar
nyicil,mencicil
nyoblos,mencoblos
ogah,tidak mau
ol,online
ongkir,ongkos kirim
oot,out of topic
otda,otonomi daerah
"otw,""on the way, sedang di jalan"""
pacal,pacar
pansus,panitia khusus
parpol,partai politik
pelatnas,pemusatan latihan nasional
pemda,pemerintah daerah
pemkot,pemerintah kota
pemred,pemimpin redaksi
penjas,pendidikan jasmani
perda,peraturan daerah
pesenan,pesanan
pgang,pegang
pilkada,pemilihan kepala daerah
pisan,sangat
pmrnth,pemerintah
polantas,polisi lalu lintas
ponpes,pondok pesantren
pp,pulang pergi
prg,pergi
psen,pesan
pswt,pesawat
rakor,rapat koordinasi
ranmor,kendaraan bermotor
re,reply
ref,referensi
rehab,rehabilitasi
repp,balas
restik,reserse narkotika
rhs,rahasia
ru,baru
ruko,rumah toko
rusunawa,rumah susun sewa
ruz,terus
saia,saya
salting,salah tingkah
samsek,sama sekali
sapose,siapa
satpam,satuan pengamanan
sbh,sebuah
se7,setuju
sebelas dua belas,mirip
sembako,sembilan bahan pokok
sendratari,seni drama tari
shg,sehingga
siech,sih
sikon,situasi dan kondisi
sinetron,sinema elektronik
siramin,siramkan
skalian,sekalian
slesai,selesai
slma,selama
slsai,selesai
soljum,sholat jumat
songong,sombong
sory,maaf
sosek,sosial-ekonomi
spa,siapa
sppa,siapa
srtfkt,sertifikat
sumpek,sempit
tajir,kaya
teh,kakak perempuan
telat,terlambat
telmi,telat berpikir
tengil,menyebalkan
tepar,terkapar
tggu,tunggu
tgu,tunggu
thankz,terima kasih
tilang,bukti pelanggaran
tipiwan,tvone
tks,terima kasih
tls,tulis
tmen2,teman-teman
tmpah,tumpah
tngu,tunggu
tnyta,ternyata
tokai,tai
toserba,toko serba ada
trdhulu,terdahulu
trm,terima
ts,penulis
tst,tahu sama tahu
tuir,tua
ul,ulangan
unyu,lucu
uplot,unggah
urang,saya
usah,perlu
valas,valuta asing
w/,dengan
wadir,wakil direktur
wamil,wajib militer
warteg,warung tegal
wtf,what the fuck
xixixi,tertawa
ya,iya
yaudah,ya sudah
yawdah,ya sudah
yl,yang lain
yowes,ya sudah
7an,tujuan
ababil,abg labil
acc,accord
adlah,adalah
adoh,aduh
aha,tertawa
aing,saya
aka,dikenal juga sebagai
akko,aku
akku,aku
akyu,aku
aljasa,asal jadi saja
ambl,ambil
anjir,anjing
aplot,unggah
apva,apa
asap,sesegera mungkin
aseek,asyik
asek,asyik
aseknya,asyiknya
asoy,asyik
astrojim,astagfirullahaladzim
ath,kalau begitu
atuh,kalau begitu
ava,avatar
aws,awas
ayang,sayang
ayok,ayo
bacot,banyak bicara
bangdes,pembangunan desa
bangkotan,tua
banpres,bantuan presiden
bansarkas,bantuan sarana kesehatan
"bazis,""badan amal, zakat, infak, dan sedekah"""
bcoz,karena
beb,sayang
bejibun,banyak
berdikari,berdiri di atas kaki sendiri
beti,beda tipis
bhubu,tidur
bimbuluh,bimbingan dan penyuluhan
bisi,kalau-kalau
bl,beli
bnchi,benci
bngung,bingung
bohay,badan aduhai
bokep,porno
bokin,pacar
bolot,bodoh
bonyok,ayah ibu
bpk,bapak
brb,segera kembali
brngkt,berangkat
brur,saudara laki-laki
bu_bu,tidur
bubarin,bubarkan
buber,buka bersama
bujubune,luar biasa
buser,buru sergap
bwhn,bawahan
byar,bayar
byr,bayar
c8,chat
caem,cakep
cama-cama,sama-sama
cangcut,celana dalam
caur,jelek
cekak,tidak ada uang
cekidot,coba lihat
cemplungin,cemplungkan
ceper,pendek
ceu,kakak perempuan
cibuk,sibuk
cin,cinta
ciye,cie
ckck,ck
clbk,cinta lama bersemi kembali
cmpr,campur
cnenk,senang
congor,mulut
coz,karena
gombal,suka merayu
gpl,tidak pakai lama
gretong,gratis
guys,teman-teman
gws,cepat sembuh
haghaghag,tertawa
hakhak,tertawa
handak,bahan peledak
hansip,pertahanan sipil
hellow,halo
helow,halo
hi,hai
hlng,hilang
houm,rumah
hubad,hubungan angkatan darat
hubla,perhubungan laut
huft,mengeluh
humas,hubungan masyarakat
idk,saya tidak tahu
ilfeel,tidak suka
imba,jago sekali
info,informasi
itung,hitung
isengin,bercanda
iyala,iya lah
iyo,iya
jablay,jarang dibelai
jadul,jaman dulu
jancuk,anjing
jdikan,jadikan
jijay,jijik
jnj,janji
jth,jatuh
jurdil,jujur adil
kabag,kepala bagian
kadit,kepala direktorat
kamtib,keamanan dan ketertiban
kamuh,kamu
kamyu,kamu
kapt,kapten
kasat,kepala satuan
kasubbid,kepala subbidang
kbar,kabar
kcian,kasihan
keburu,terlanjur
kedubes,kedutaan besar
keneh,masih
kepikiran,terpikirkan
kere,tidak punya uang
kesian,kasihan
keukeuh,keras kepala
kibus,kaki busuk
klwrga,keluarga
kmari,kemari
kmpus,kampus
kompi,komputer
komtiong,komunis tiongkok
konjen,konsulat jenderal
kptsan,keputusan
krik,garing
ktauan,ketahuan
kudu,harus
kykny,kayanya
laka,kecelakaan
lambreta,lambat
lansia,lanjut usia
lapas,lembaga pemasyarakatan
lbur,libur
lgkp,lengkap
linmas,perlindungan masyarakat
lmyan,lumayan
lngkp,lengkap
loch,loh
lol,tertawa
loupz,cinta
lowh,kamu
luff,cinta
luph,cinta
maaciw,terima kasih
mabes,markas besar
macem-macem,macam-macam
madesu,masa depan suram
mahatma,maju sehat bersama
mak,ibu
malah,bahkan
mamz,makan
manies,manis
markus,makelar kasus
mending,lebih baik
mhn,mohon
miker,minuman keras
milis,mailing list
mls,malas
moge,motor gede
mokat,mati
mosok,masa
mskpn,meskipun
msng2,masing-masing
muahal,mahal
muker,musyawarah kerja
mumet,pusing
munaslub,musyawarah nasional luar biasa
musda,musyawarah daerah
muuv,maaf
nal,kenal
naon,apa
napol,narapidana politik
narsis,bangga pada diri sendiri
nekolim,neokolonialisme
nelfon,menelepon
ngabis2in,menghabiskan
ngampus,pergi ke kampus
ngaruh,berpengaruh
ngawur,berbicara sembarangan
ngeceng,kumpul bareng-bareng
ngekos,tinggal di kos
ngelamar,melamar
ngikut,ikut
nginep,menginap
ngocol,lucu
ngumpul,berkumpul
nyasar,tersesat
nyariin,mencari
nyiapin,mempersiapkan
nyiram,menyiram
o/,oleh
priksa,periksa
pro,profesional
psn,pesan
puanas,panas
qmo,kamu
rame,ramai
raskin,rakyat miskin
red,redaksi
reg,register
rejeki,rezeki
renstra,rencana strategis
reskrim,reserse kriminal
sni,sini
somse,sombong sekali
sorry,maaf
sosbud,sosial-budaya
sospol,sosial-politik
sowry,maaf
spd,sepeda
subbag,subbagian
sumbangin,sumbangkan
tabanas,tabungan pembangunan nasional
tawh,tahu
te2p,tetap
tekor,rugi
telkom,telekomunikasi
tengok,menjenguk
terbitin,terbitkan
thanks,terima kasih
thd,terhadap
tkg,tukang
tll,terlalu
tlpn,telepon
tmph,tumpah
tnda,tanda
tnh,tanah
togel,toto gelap
trgntg,tergantung
munfik,munafik
reklamuk,reklamasi
tren,trend
ngehe,kesal
analisise,analisis
sadaar,sadar
sept,september
nmenarik,menarik
zonk,bodoh
rights,benar
simiskin,miskin
ngumpet,sembunyi
hardcore,keras
akhirx,akhirnya
solve,solusi
watuk,batuk
ngebully,intimidasi
masy,masyarakat
still,masih
mbual,bual
tioghoa,tionghoa
ngentotin,senggama
kentot,senggama
faktakta,fakta
sohib,teman
rubahnn,rubah
heters,pembenci
nyembah,sembah
most,paling
ikon,lambang
light,terang
pndukung,pendukung
setting,atur
seting,akting
next,lanjut
waspadalah,waspada
gantengsaya,ganteng
parte,partai
nipu,tipu
ktipu,tipu
jentelmen,berani
buangbuang,buang
tsangka,tersangka
ista,nista
less,kurang
koar,teriak
paranoid,takut
problem,masalah
tahi,kotoran
tirani,tiran
tilep,tilap
happy,bahagia
tak,tidak
penertiban,tertib
uasai,kuasa
mnolak,tolak
trending,trend
wkwkkw,tertawa
ahokncc,ahok
istaa,nista
benarjujur,jujur
cs,costumer service
miss kom,miss komunikasi
skrg,sekarang
bolehh,boleh
gojek.always,gojek. always
mantab,mantap
90menit,90 menit
gjls,tidak jelas
gd,tidak ada
20ribu,20 ribu
9rb,9 ribu
mantaab,mantap
lainlain,lain lain
2x,2 kali
dinemput,jemput
gmn,gimana
dll,dan lain lain
kagak,tidak
"nyampe"",sampai sampai"
ngeblast,sekali
pecus,benar
mntep,mantap
lho,loh
jmpt,jemput
nyantol,tersangkut
wjrlah,wajarlah
gpp,tidak apa apa
jln,jalan
gojeg,gojek
dinkasih,di kasih
stngah,setengah
jm,jam
"kdng"",kadang kadang"
siangn,siangan
berngkat,berangkat
ok,oke
tp,tapi
3kali,3 kali
supir2,supir supir
15k,15 ribu
hadehh,hadeh
manja2,manja manja
jmput,jemput
trimakasih,terimakasih
4km,4 km
buru2,buru buru
by,oleh
tf,transfer
jek,gojek
bar bar,barbar
ajib,mantap
y,ya
sangatemnantu,sangat membantu
cok,
spd,sepeda
bb,berat badan
app,aplikasi
mntapp,mantap
knp,kenapa
2bulan,2 bulan
kmn,kemana
jg,juga
dpat,dapat
kk,kakak
gojeg,gojek
"1,5jam,""1,5 jam"""
dpt2,dapat dapat
gue,saya
mbayar,bayar
ta,kah
e,nya
gojekny,gojeknya
shoppe,shopee
jm,jam
go-jek,gojek
reimburst,reimburse
iming2i,iming imingi
gbsa,tidak bisa
moment2,moment moment
sush,susah
"rata"",rata rata"
berkali2,berkali kali
&,dan
kemarin2,kemarin kemarin
gblk,bodoh
dapet2,dapat dapat
driver2,driver
neheri,negeri
lperjalanan,perjalanan
"2,3km,""2,3 km"""
sope,shopee
grafod,grabfood
"buang"",buang buang"
pelanggan2nya,pelanggan pelanggannya
16.00wib,16.00 wib
19.29wib,19.29 wib
10rb,10 ribu
20rb,20 ribu
trimakasih,terimakasih
10k,10 ribu
aplkator,aplikasi
nyekin,jelekin
complain,komplain
nyilsa,nyiksa
b4ngke,bangkai
persi,versi
50k,50 ribu
20k,20 ribu
40k,40 ribu
invlasi,inflasi
mesen,memesan
amazing,amaizing
nua,nya
vocer,voucher
cwpatt,cepat
mksh,terimakasih
mangtap,mantap
bgt,sangat
jios,mantap
kepesen,terpesan
melenceng,menyimpang
oper oper,operan
"bos""mu,bos bos mu"
idiw,ih
m0nyet,monyet
puaass,puas
maksa,memaksa
gw,saya
bacot,banyak omong
disni,disini
hadeh,haduh
lach,lah
joss,mantap
go pay,gopay
gacor,gampang cari orderan
dibtangani,ditangani
sia siaa,sia sia
kapok,jera
ngotak,berotak
okee,oke
omke,oke
brader,kakak
driverny,drivernya
sekaliny,sekalinya
jempt,jemput
mahal2,mahal mahal
tarip,tarif
kyhyh,sepertinya
ntaps!,mantap!
vocer,voucher
go food,gofood
ekpres,ekspress
tpu,tetapi
enggak,tidak bisa
bbangsa,bangsa
perbyk,perbanyak
blangsak,jelek
plis,tolong
40-50mnt,40-50 menit
3km,3 km
40menit,40 menit
inj,ini
nawari,menawari
mantabs.,mantab.
aagar,agar
aangat,sangat
aapapun,apapun
aaya,saya
abalabal,abal abal
abangnyaabangnya,abang abangnya
abanh,abang
abanhojol,abang ojol
abdet,update
abisa,tidak bisa
abisini,sehabis ini
abispusing,habis pusing
abiss,habis
abng,abang
abnormal,tidak normal
abrek,banyak sekali
absen,tidak hadir
absolut,mutlak
abuabu,abu abu
acc,disetujui
accbyr,pembayaran disetujui
accept,terima
accini,disetujui ini
accord,sesuai
account,akun
accounts,akun akun
acctransaksi,transaksi disetujui
accurately,secara akurat
aceng,program prioritas order
acengnya,program prioritas order nya
acnya,ac nya
actually,sebenarnya
adaada,ada ada
adabener,ada benar
adabintang,ada bintang
adabyeuninstal,ada nya uninstall
adagercepklo,ada respons cepat kalau
adahilang,ada hilang
adaini,ada ini
adakenapa,ada kenapa
adalagi,ada lagi
adalintah,ada lintah
adamakanan,ada makanan
adany,adanya
adapadahal,ada padahal
adaparahtolonglah,ada parah tolong lah
adapat,dapat
adaudah,ada udah
adayg,ada yang
address,alamat
adeh,haduh
adjust,menyesuaikan
adminnah,adminnya
adminnyaterimakasih,adminnya terimakasih
adminya,adminnya
admn,admin
ads,iklan
aduduh,aduh
aduh,aduh
aduin,mengadukan
aedih,sedih
aekali,sekali 
aelah,ya ampun
afa,ada
affiliate,afiliasi
aflikasi,aplikasi
after,setelah
aga,agak
again,lagi
agaj,agak
agent,agen
agh,ah
agi,lagi
